SKU,Descripción,Stock
1SCA120093R1001,OTM80F3CMA230V MOTORIZED C/O SWITCH,4
GPS1BSAE,GPS1BSAE GUARDAMOTOR 1/2 HP,20
BW225DP,Seccionador IP65 230 415V,64
1SCA022353R4970,OA1G10 AUXILIARY CONTACT,30
BW340TPN,Seccionador 3P 40A IP65 230415V,26
OFAF000H80,OFAF000H80 = 1SCA022627R1470  Fusible 80A Tamaño Din/NH *000 Tipo gG/500V 120kA DIN43620 Usos Generales,9
1SCA022401R3430,OTP25BA3M,79
OTP16BA3M,OTP16BA3M = 1SCA022401R3350  16 Amps Seccionador en Gabinete Plástico OTP IP65 3 polos Manija Amarilla/Roja (16A AC22A 690 Vac) (10A AC23A 690 Vac),30
OTZC23,OTZC23 = 1SCA022767R7120  Kit PUENTES no aislados ( barras) P/OTM tam 2 (315400 A) 3 polos,15
OTM160E3CM110V,OTM160E3CM110V = 1SCA022845R8530  Transferencia IOII Motorizada 160A 3Polos voltaje del motor 110Vac/dc Incluye Manija y conectores agregar separadores de fases PB100 PB200 1SDA05497_R1,1
1SCA022627R1210,OFAF000H50,9
189003,P9EPE03 CAJA PULS. 3 ELEMENTOS,3
189002,P9EPE02 CAJA PULS. 2 ELEMENTOS,2
1SCA022847R1550,OTM400E3CM110V,3
OTZC63,1SCA022868R1100,1
109248,CONTACTOR CL01A310T5 BOBINA,3
1SCA105232R1001,1SCA105232R1001,1
1SCA022401R3780,OTP63BA3M,12
1STQ008318A0000,ED3033 Main Distribution Board,26
1STQ008319A0000,ED3041 Main Distribution Board,24
MC1A310AT5,MINICONTACTORES 3P 9A 1NA 220VCA,6
102617,MC1A310AT1 MINICONTACTOR,11
AFP3FDD,KIT DE MONTAJE PLUG IN P/INT. F RECOR,1
THKMA836800WL,THKMA836800WL INT.SPECTRA 3P 800A 600V,2
THED113020WL,THKMA836800WL INT.TERMOMAG.1P 20A 480V,1
SRN4315K,SRP/CIEGA 300 X400X150,41
OTM125F3CMA230V,OTM125F3CMA230V = 1SCA120070R1001  Transferencia OTM mini Motorizada 3P125A de seccionadores 0+0 voltaje del motor 110220 Vac/dc Incluye Manija y Conectores peso 1.7 kg,12
109463,CONTACTOR CL04A310M3 BOBINA,1
1SCA120095R1001,OTM63F3CMA230V,4
OTM40F3CMA230V,OTM40F3CMA230V = 1SCA120096R1001  Transferencia OTM mini Motorizada 3P40A de seccionadores 0+0 voltaje del motor 110220 Vac/dc Incluye Manija y Conectores peso 1.7 kg,6
1SCA022771R7520,OT200E03CP,2
1SCA022401R3600,OTP45BA3M,80
1SCA022785R7020,OTZC33 tam 3 (630800 A) 3 pol,2
AFP6SKS,TAPAS PARA KIT DE MONTAJE AMC3KMFP,10
AMC3KMFP,KIT SENCILLO PLUGIN P/INT.SKHSKL,2
1SCA113654R1001,TRANSFER. MOTORIZADA 1600AMP,1
1STQ008320A0000,ED3058 Main Distribution Board,23
OHB95J12,OHB95J12 = 1SCA022381R0830  Manija Pistol 95mm negra/roja  Agregar varilla,1
OTP32BA3M,OTP32BA3M = 1SCA022401R3510 Seccionador en Gabinete Plástico OTP 32 Amps IP65 3 polos Manija Amarilla/Roja (40A AC22A 690 Vac),64
OTM315E3CM110V,OTM315E3CM110V = 1SCA022847R1120  Transferencia IOII Motorizada 315A 3Polos voltaje del motor 110Vac/dc Incluye Manija y conectores agregar separadores de fases PB100 PB200 1SDA05497_R1,6
ROSETA,"ROSETA DE PORCELANA DE 4""",98
RP G,ROSETA PLASTICO,24
MACL101AT,BLOQUE DE CONTACTO AUX 1NC LATERAL,8
187001,P9B01VN CONTACTO 1 NC,33
OFAF000H63,OFAF000H63 = 1SCA022627R1390  Fusible 63A Tamaño Din/NH *000 Tipo gG/500V 120kA DIN43620 Usos Generales,9
5BC,TAPA CIEGA AMERICANA,84
G5BC G,GARVIN 5BC SQ COVER BLANK,75
SRN4315067391K,Gabinete SRN4315K + Tmax XT1C 25A 3 Polos con Terminales p/cable (1x70 mm2).,3
CR305E002,CONTACTOR T3 3P 30HP 100A 110V S/GAB,2
100A,ESLABON FUSIBLE ALTA TENSION 100 A 15KV,2
1A,ESLABON FUSIBLE ALTA TENSION 1A,1
ADOL3-230V-3.1A,ADOL3-230V-3.1A Arrancador en Gabinete P,13
AA5600,IS2 Porta documentos,4
AA9610-MX,OREJAS IZADORAS,66
ABBCG-T4-150,Conector Gemelo T4 150mm,1
ABBCG-T5-200,Conector Gemelo T5 200mm,4
ABBCG-XT1-100,Conector gemelo 100mm XT1  hasta 160A  i,2
ABBCG-XT3-150,CONECTOR GEMELO XT3 150mm,2
ABBCI-T6-250,CONECTOR INDIV.250MM T6 DE 1000A INCL.PA,2
ABBCI-T7-300,Conector individual 300mm T7  hasta 1600,2
ABBTCF-100,TAPA CIEGA FIJA 100MM,2
ABBTCF-200,PANEL O TAPA CIEGA  FIJA 200MM,8
ABBTCF-250,PANEL O TAPA CIEGA FIJA 250MM,2
ABBTLIPM-1250,Tmax Link  E1.2N 1250A  NEMA1  M4M LV,1
ABS103B-075,Int. Termomagnetico 75Amp,2
ABS203B-225,Int. Termomagnetico 225Amp,2
AB25B,"AB25B CAJA METALICA DE 25""",4
AB31B,"CAJA METALICA DE 31""",4
AB37B,"CAJA METALICA DE 37""",11
AB43B,"CAJA METALICA DE 43""",9
AB55B,"AB55B CAJA METALICA DE 55""",3
AB55KP,"CAJA METALICA DE 55""C/NOCK OUT",4
AB553,"CAJA METALICA DE 55""P/EXT.",1
AB64B,"CAJA METALICA DE 64""P",10
AB643,"CAJA METALICA DE 64""P/EXT.",1
AB76B,"CAJA METALICA DE 76""",3
AB763,"CAJA METALICA DE 76""P/EXT.",1
ACSR/AC795,C. desnudo ACSR / AS cal. 795 kcm,500
ACS880-01-021A-5,VFD 11kW  IN: 21A,1
ACS880-01-027A-5,ACS880-01-027A-5,1
ACS880-01-052A-5,ACS880-01-052A-5,1
ACS880-01-077A-5,ACS880-01-077A-5,1
ACS880-01-124A-5,ACS880-01-124A-5,1
ACS880-01-156A-5,ACS880-01-156A-5,1
ACS880-01-180A-5,ACS880-01-180A-5,1
ACS880-01-240A-5,ACS880-01-240A-5,1
ADF3121TBF,TABLERO 150A 3F 4H 12P C/PPAL EMPOTRAR,2
ADOL3-230V-10A,ADOL3-230V-10A Arrancador en Gabinete Pr,3
ADOL3-230V-13A,ADOL3-230V-13A Arrancador en Gabinete Pr,13
ADOL3-230V-16A,ADOL3-230V-16A Arrancador en Gabinete Pr,11
ADOL3-230V-20A,Arrancador 230V-20A Magnetico Conexion Directa a Linea,4
ADOL3-230V-2.3A,ADOL3-230V-2.3A Arrancador en Gabinete P,6
ADOL3-230V-24A,ADOL3-230V-24A Arrancador en Gabinete Pr,9
ADOL3-230V-29A,ADOL3-230V-29A Arrancador en Gabinete Pr,17
ADOL3-230V-3.1A,ADOL3-230V-3.1A Arrancador en Gabinete P,13
ADOL3-230V-4.2A,ADOL3-230V-4.2A Arrancador en Gabinete,5
ADOL3-230V-5.7A,ADOL3-230V-5.7A Arrancador en Gabinete P,10
ADOL3-230V-7.6A,ADOL3-230V-7.6A Arrancador en Gabinete P,6
ADOL3-460V-10A,ADOL3-460V-10A Arrancador en Gabinete Pr,15
ADOL3-460V-1.3A,ADOL3-460V-1.3A Arrancador en Gabinete P,19
ADOL3-460V-13A,ADOL3-460V-13A Arrancador en Gabinete Pr,20
ADOL3-460V-16A,ADOL3-460V-16A Arrancador en Gabinete Pr,23
ADOL3-460V-1.7A,ADOL3-460V-1.7A Arrancador en Gabinete P,21
ADOL3-460V-2.3A,ADOL3-460V-2.3A Arrancador en Gabinete P,12
ADOL3-460V-24A,Arrancador 460V-24A Magnetico Conexion D,20
ADOL3-460V-3.1A,ADOL3-460V-3.1A Arrancador en Gabinete P,21
ADOL3-460V-4.2A,ADOL3-460V-4.2A Arrancador en Gabinete P,24
ADOL3-460V-5.7A,ADOL3-460V-5.7A Arrancador en Gabinete P,17
AD1064,AD1064 Main Distribution Board,130
AD1088,K Cubre modulos 600mm 3pz,37
AD1097,L Soporte montaje Unifix H,2
AD1098,AD1098,33
AD3305,EMBELLECEDOR XT1 3P EN PLACA DE MONTAJE,4
AEM1430N,ARBOTANTE 8W 3000K IP65,5
AEM1730N,AURO BASIL 6W 3000K 100-240V IP65 NEGRO,3
AEM44/200PM,GABINETE TIPO HIMMEL 40X40X20,1
AEM730U,arbotante led 12w  3000 k de exterior,1
AES230U,AURO YEDRA 5W GU10 IP65 GRIS URBANO,2
AEU3182RCXAXB4,INT.PRO-STOCK 18C 225A 480/277V 3F,2
AEU3182RCXAXT1B4,INT.PRO-STOCK 18C 225A 480/277V 3F 4H FT,4
AEU3186RCXAXT1B4,INT 18C 3F 4H 600V 225A,3
AEU3302RCXAXB4,INT.PRO-STOCK 30C 225A 480/277V 3F,9
AEU3422RCXAXB4,INT.PRO-STOCK 42C 225A 480/277V 3F,8
AEU3422RCXAXT1B4,INT.PRO-STOCK 42C 225A 480/277V 3F 4H FT,3
AEU3424RCXAXB4,INT.PRO-STOCK 42C 400A 480/277V 3F,2
AEU3424RCXAXT1B4,INT.PRO-STOCK 42C 400A 480/277V 3F 4H FT,1
AE3027U,AURO BASMA 75W E26 IP54 GRIS URBANO,6
AE3103U,AURO KENNA 10W 3000K 100-240V IP54 GRIS,6
AE714/B,ASPIRINA ECONOMICA C R714 TERM BLANCO,6
AFP3EYD,TAPAS REPUESTO LINEA SPECTRA,17
AFP3FDD,KIT DE MONTAJE PLUG IN P/INT. F RECOR,1
AFP3SED,TAPA P/TAB.SPECTRA 2P THED SEL,47
AFP3SFD,KIT DE PLACA PARA RELLENO P/INT.SFH SFL,19
AFP3SFS,FILLER PLATE P/ SERIE SPECTRA,5
AFP4SGD,FILLER PLATE P/ SERIE SPECTRA,19
AFP4SGS,TAPAS P/SPECTRA MARCO SG SENCILLO,17
AF25S,"AF25S TAPA DE 25"" PARA TABLERO",12
AF31F,"TAPA DE 31"" PARA TABLERO",6
AF31S,"TAPA DE 31"" PARA TABLERO",17
AF37F,"TAPA DE 37"" PARA TABLERO",5
AF37S,"TAPA DE 37"" PARA TABLERO",21
AF43S,"TAPA DE 43"" PARA TABLERO",11
AF49F,"TAPA DE 49"" PARA TABLERO",5
AF49S,"TAPA DE 49"" PARA TABLERO",1
AF55S,"TAPA DE 55"" PARA TABLERO",4
AF64F,"AF64F TAPA DE 64"" PARA TABLERO",13
AF64S,"TAPA DE 64"" PARA TABLERO",21
AF76S,"TAPA DE 76"" PARA TABLERO",17
AL1000,L argollas elevación 4pz,20
AL2000,L orejas fijac.pared 2pz,18
AMCB6EBFP,KIT DOBLE BOLT-ON,5
AMCB6FJ,KIT DE MONTAJE DOBLE SILLETA SF 250,2
AMCB6FJFP,KIT DOBLE BOLT-ON P/INT.SFH SFL,2
AMCB6GBFP,KIT DOBLE BOLT-ON P/INT.SGH SGL,1
AMC3KM,KIT DE MONTAJE P/INT SKH Y SKL,10
AMC6EB,KIT DE MONTAJE DOBLE SILLETA DE 30-150 A,88
AMC6EBFP,KIT DOBLE PLUG-IN,4
AMC6EY,KIT DE MONTAJE PLUG-IN/ TEY DOBLE,4
AMC6FJ,KIT DE MONTAJE DOBLE,74
AMC6FJFP,KIT DOBLE PLUG-IN P/INT.SFH SFL,8
AMC6GB,KIT DE MONTAJE PLUG-IN P/SFH  SFL  SFP D,18
AMC6GBFP,KIT DOBLE PLUG-IN P/INT.SGH SGL,3
ANKN120,ANKN120 KIT DE BARRAS P/TIERRA 400-1200A,2
ANKN400,ANKN400 KIT DE BARRAS P/TIERRA 250-400A,1
APFT6523SFP,TAPA PARA TABLERO SPECTRA,1
AP6001,ADAPTADOR DE PROF.TMAX T1-T2-T3,23
AQF3302AB,AQF3302AB,1
AQF3426JBXAXT1B7,INT.42C 3F 4H 240V  600A,2
AQUA-20W-REFLEC,REFLECTOR SUMERGIBLE RGB DE SOBREPONER,1
AQU3182RCXAXB4,INT.PRO-STOCK 18C 225A 220/120V 3F,2
AQU3182RCXAXT1B4,INT.PRO-STOCK 18C 225A 220/120V 3F 4H FT,7
AQU3184RCXAXT1B4,INT.PRO-STOCK 18C 400A 220/120V 3F 4H FT,5
AQU3186RCXAXT1B4,INT.PRO-STOCK 18C 600A 220/120V 3F 4H FT,2
AQU3422RCXAXB4,INT.PRO-STOCK 42C 225A 220/120V 3F,2
AQU3422RCXAXT1B4,INT.PRO-STOCK 42C 225A 220/120V 3F 4H FT,1
AQU3426RCXAXB4,INT.PRO-STOCK 42C 600A 220/120V 3F,1
ARRANCADOR3H,ARRANCADOR A TENSION PLENA 3HP 220V,3
AR-111/F,REFLECTOR HALOGENO 50W 12V 24 GRADOS,69
ASPTED3P,ASPTED3P KIT DE MONTAJE P/INT.TED,42
AT31103N,AURO YERAY 10W 3000K 100-277V NEGRO,5
AT3123B,AURO UNAX 12W 3000K 100-277V CIRCULAR BL,6
AU-2,Relevador L.G 2/6A,9
AU-4 4A,Contactos Aux 15/16A,10
A19D-LEDF/001/27,FOCO MERCURI 4.5W E27 2700K,14
A19-LED/010/30,LAMP LED A19 8.5W 100-240V 3000K E27 750,3
A19-LED/010/65,FOCO LED 8.5W E27,3
A208LSG,MICRO VERSATRIP PLUS,2
A208LSGR,MICRO VERSATRIP,2
A216LSG,MICRO VERSATRIP PLUS 1600A,1
A216LSIG,MICRO VERSATRIP PLUS  MVT  PROGRA 1600 A,3
BA15D1155,FOCO 115-5W,5
BA9SN220,FOCO DE NEON 220V,1
BA9S110LB,BOMBILA LED 110V BLANCA,6
BA9S110LR,FOCO MULTILED 110V ROJO,11
BA9S110LV,FOCO MULTILED 110V VERDE,13
BA9S12L*,FOCO MULTILED 12V TRANSPARENTE,30
BA9S122,FOCO INCANDESCENTE 12V TRANSPARENTE,34
BA9S220,FOCO INCANDESCENTE 220V,41
BA9S230LR,FOCO MULTILED 230V ROJO,10
BA9S24LG,FOCO MULTILIN 24V AMARILLA,25
BA9S24LR,FOCO MULTILED 24V ROJO,11
BA9S24LV,FOCO MULTILED 24V VERDE,20
BA9S242,FOCO INCANDESCENTE 24V,123
BA9S48LB,FOCO MULTILED 48 VOLT,30
BA9S6LB,MULTI LED BLANCO 6 VOLT,20
BA9S615,FOCO INCANDESCENTE 6V,61
BA956LB,BA956LB,55
BCLF01,CONTACTOR AUXILIAR CERRADO,60
BCLF10,CONTACTO AUXILIAR N.CERRADO,2
BCLL11,BLOCK DE CONTACTOS AUXILIARES,6
BCLL20,CONTACTO AUX. LATERAL 2NA,14
BC6/N,ARBOTANTE DE MURO NEGRO CON GLOBO R6,3
BEB3603G,BEB3603G PLUG IN 30AMP 3F-3H 600V,5
BEB3603GN,PLUG IN 30AMP 3F-4H 600V,10
BEB3606G,BEB3606G PLUG IN 60AMP 3F-3H 600V,5
BEB3606GN,PLUG IN 60AMP 3F-4H 600V,9
BEB3610G,BEB3610G PLUG IN 100AMP 3F-3H 600V,1
BEB3610GN,PLUG IN 100AMP 3F-4H 600V,9
BEC3603GN,BEC3603GN PLUG IN 30AMP 3F-4H 600V,5
BEC3606GN,PLUG IN 3 PHASE 4 WIRE 600V 60 A,5
BEC3610GN,PLUG IN 100AMP 3F-4H 600V,5
BEKH,BLOQUEO MECANICO HORIZONTAL,4
BEL,BLOQUEO MECANICO P/CL05-CL10,15
BELA,BLOQUEO MECANICO CL00-CL45,4
BELA02,BLOQUEO MECANICO 2NC,1
BEL02,BLOQUE MECANICO 2NC,50
BEL3603G,PLUG IN 30AMP 3F-3H 600V,5
BEL3603GN,PLUG IN 30AMP 3F-4H 600V,10
BEL3606G,PLUG IN 60AMP 3F-3H 600V,5
BEL3606GN,PLUG IN 60AMP 3F-4H 600V,10
BEL3610G,PLUG IN 100AMP 3F-3H 600V,4
BEL3610GN,PLUG IN 100AMP 3F-4H 600V,10
BF2502,K Barra flexible 400A 2pz,10
BF4012,K Barra flexible 630A 2pz,2
BL3372FG30/AC,LUMINARIA SOLAR LED EXT 15W 5.5/DC,104
BMLF,CONTACTO AUXILIAR DE ARRANQUE,8
BP0630,K Portabarra plana 250-630A,43
BRLL11,AUXILIARY CONTACT BLOCK,6
BRLL20,BLOCK DE CONTACTO AUX. 2NA,4
BR0250,K Barra plana 250A 2pz,9
BR0400,K Barra plana 400 A 2pz,2
BR6/B,"PLAFOND C/BASE DE FIERRO GLOBO C6C/4""",1
BR6/N,"PLAFOND C/BASE DE FIERRO GLOBO C6C/4""",1
BSLDZ,SUPRESOR DE PICOS 24VCD,4
BSLR3K,TRANSIENT SUPPRESSOR,10
BSLV3G,BLOQUE ANTIPARACITORIO 24-48V,5
BTLF60C,TIMER NEUMATICO 1-60 SEG. ENCENDIDO ATRA,3
B135A,REPUESTO DE CHAPA CON LLAVE,2
B208LSIGR,MICRO VERSATRIP,1
B210LSIGR,MICRO VERSATRIP,2
B216LSI,MICRO VERSATRIP PLUS,3
B330LSIGR,CONTROL BOARD GOOD TAKEOUT,1
B440LSIG,MICRO VERSATRIP PLUS  TIPO B440,1
B440LSIGR,MICRO VERSATRIP,1
1100040,CABLE THHW 4 NEGRO 400 mt,100
CAB10025BR,CINCHO BLANCO 100mmx 2.5mm/ BOLSA 100PZ,528
CAB10025PT,CINCHO NEGRO 100mmX2.5mm /Bolsa 100PZ,457
CAB15035PT,CINCHO NEGRO 150mm x 3.5mm / Bolsa 100PZ,22
CAB25036BR,CINCHO BLANCO 250mmX3.6mm /Bolsa 100PZ,57
CAB25036PT,CINCHO NEGRO 250mm x 3.6mm/Bolsa 100PZ,58
CASCADALUZ,SERIE CASCADA BLANCO FRIO 300,2
CCDIN-04S,Tapa Sobreponer 4 Módulos,8
CEM0-0018,Cemento transparente para PVC 473ml,70
CHA-GRISPVC,Chalupa plastica gris,315
CHAPRO,CHALUPA 4X2 REFORZADA VERDE PP,9
CHOR-20,"Curva horizontal p/charola de 20"" ancho",5
CK08CA311M,CONTACTOR 3 P 185 AMP 74 HP 220VCA 1NA-1,3
CL00A301T9,CONTACTOR 9 A 48V (113982),3
CL00A310T,Contactor 9A 3polos,1
CL01A310T1,CONTACTOR 3P BOBINA 110V,14
CL01A310T3,CONTACTOR 3P BOBINA 115V,27
CL01D310TD,CONTACTOR 3P 12 AMP 4 HP 24VCD 1 NA,24
CL02AB00T9,CONTACTOR 3P 18 AMP 5.5 HP 48VCA,3
CL02A301T3,CONTACTOR 3P 110-115V 50/60 Hz,1
CL02D310TD,CONTACTOR 3P 18 AMP 5.5 HP 24VCD 1 NA,13
CL03A301M3,CONTACTOR 3P 110V,2
CL03A310M3,CONTACTOR 3P BOBINA 110V,4
CL03D310MD,CONTACTOR 3P 25A 10HP 24VCD,21
CL04A310M5,CONTACTOR 3P 32 AMP 12 HP 220VCA 1 NA,6
CL05AB00MJ,CONTACTOR 4P 40 AMP 15 HP 110VCA 1NA 1NC,6
CL05A300MJ,CONTACTOR 50A  3P  120V,1
CL06E300MD,CONTACTOR 3P 50 AMP 30 HP 24VCD,5
CL07A300M,CONTACTOR 110A 3POLE 3NO COIL 240VAC,1
CL07E300MD,CONTACTOR 3P 65 AMP 25 HP 24VCD,4
CL07E400MD,CONTACTOR 4P 65 AMP 25 HP 24VCD,3
CL08A311M3,CONTACTOR CL08A311M3,1
CL08A311M5,CONTACTOR 3P 80 AMP 30 HP 220VCA 1NA 1NC,1
CL09A311M3,CONTACTOR 3P 95 AMP 34 HP 110VCA 1NA 1NC,2
CL09A311M5,CONTACTOR 3P 95 AMP 34 HP 220VCA 1NA 1NC,3
CL10E300MD,CONTACTOR 3P  105AMP 75HP 24VCD,1
CL-1085-LED/CR,CL-1085-LED/CR,4
CL25A300T3,CONTACTOR 3P 25A BOBINA 110V,17
CL25A310T5,CONTACTOR 3P 25A 10HP 220V,1
CL-3010-LED/BL,uso interior blanco aluminio,1
CL45A311M5,CONTACTOR 3P 40AMP 15 HP 2200VCA 1NA 1NC,2
CL45D300MD,CONTACTOR 3P 40AMP 15 HP 24VCD,14
CL45D300MK,CONTACTOR 3P 40AMP 15 HP 125VCD,5
CNARAPRE1/2,ARANDELA DE PRESION GALVANIZADA DE 1/2,300
CNARAPRE1/4,ARANDELA DE PRESION GALVANIZADA 1/4,1500
CNARAPRE3/8,ARANDELA DE PRESION GALVANIZADA 3/8,550
CNARAPRE5/16,ARANDELA DE PRESION 5/16,900
CNARA3/16,ARANDELA DE PRESION GALVANIZADA 3/16,400
CNTORHEX3/8X2,TORNILLO CABEZA HEXAGONAL 3/8 X2,250
CNTORHEX3/8X3,TORNILLO CABEZA HEXAGONAL 3/8 X 3,150
CNTOR3/16X1,TORNILLO CABEZA  GOTA GALVANIZADO 3/16X1,400
CONPT-100,"CONECTOR 100MM 4"" PESADO",23
CONPT25,"CONECTOR PVC PESADO 1""",200
CONPT32,"CONECTOR PVC 1 1/4"" PESADO C/TUERCA",959
CONPT38,"CONECTOR PVC 1 1/2""PESADO C/TUERCA",282
CONPT50,"CONECTOR PVC PESADO 2""",13
CONPT64,"CONECTOR  PVC 2 1/2"" PESADO C/TUERC",69
CONPT75,"CONECTOR DEPLAYUSA 3"" PESADO C/TUERCA",27
COPD1/2,COPLE STEEL 1/2 PARED DELGADA,400
CO1214BBCA,PERFORMA PRO LED 74W 3000K 127-277V BCO,1
C-RGBW-TUYA,Control TUYA RGBW,1
CR0004,Bisagras estructura Artu L 4pzas,20
CR101Y1,ARRANCADOR MANUAL 1P 1HP 115-,1
CR104PBG00A1,Botón momentáneo GE  CR104P  30.5mm  s/t,1
CR104PBG00G1,BOTON OPERADOR,18
CR104PBG00R1,BOTON PULSADOR RASANTE ROJO SIN CONTACTO,17
CR104PBG00U1,BOTON PULSADOR RASANTE COLORES SIN CONTA,4
CR104PBM00B5,"BOTON PULSADOR HONGO NEGRO 1 3/8""",14
CR104PBM00B6,BOTON PULSADOR HONGO NEGRO 2 3/8,6
CR104PBM00E5,BOTON PULSADOR HONGO AMARILLO 1 3/8,23
CR104PBM00G5,BOTON PULSADOR HONGO VERDE 1 3/8,48
CR104PBM00R6,BOTON PULSADOR HONGO ROJO 2 3/8,20
CR104PBM10B5,"BOTON CABEZA HONGO 1 3/8"" DIAMETRO",5
CR104PBM10B6,"BOTON PULSADOR HONGO NEGRO 2 3/8""",4
CR104PBM91G5,BOTON DE ENCENDIDO,2
CR104PBM91R5,"BOTON HONGO DE 1 3/8¨"" ROJO 1NO-1NC",4
CR104PBT11G1S2,BOTON PULSADOR ILUM. VERDE TRANS. 120V 1,3
CR104PBT11M5C2,BOTON HONGO AMBAR 13/8,26
CR104PBT11R1S2,BOTON PULSADOR ILUM. ROJO TRANSF. 120V 1,3
CR104PBT11R1S3,BOTON PULSADOR ILUM. ROJO TRANSF. 240V I,5
CR104PJD53,PALANCA DE 5 POSICIONES,4
CR104PLG22G,BOTON DE ENCENDIDO,16
CR104PLG22M,LAMPARA PILOTO AMBAR 120V,10
CR104PLG22R,BOTON PILOTO ROJO,23
CR104PLG32G,LAMPARA PILOTO VERDE 120V TIPO TRANSFORM,7
CR104PLG33G,LAMPARA PILOTO VERDE 240V TIPO TRANSFORM,6
CR104PLG33M,LAMPARA PILOTO AMBAR 240V TIPO TRANSFORM,10
CR104PLG33R,LAMPARA PILOTO ROJA 240V TIPO TRANSFORMA,6
CR104PLG92E,LAMPARA PILOTO TIPO LED 120V TRANSF. AMA,3
CR104PLT32G,LAMPARA PILOTO VERDE 120V PULSAR P/PROBA,1
CR104PSG21B,SWITCH SELECTOR,12
CR104PSG21B91,SWITCH SELECTOR,7
CR104PSG34B,SWITCH SELECTOR,5
CR104PSG35B,SEL SWITCH,3
CR104PSG63B,SELECTOR 2POSIC. C/RETORNO DE DERECHA,2
CR104PSG93B91,SELECTOR GE 3 POSICIONES CON REGRESO CEN,3
CR104PSG94,SWITCH SELECTOR,3
CR104PSG94B91,SELECTOR 3POSIC. C/RETORNO DE IZQ-DER C/,10
CR104PST21M11S2,SELECTOR 2POS. AMBAR ILUM.  1NA+1NC,1
CR104PTR20A0R,BOTON HONGO GIRAR P/LIBERAR,19
CR104PXA16,ALL-VOLTAGE TRANSFORMER LAMP MIN BAYONET,39
CR104PXC01,BLOCK DE CONTACTO 1NC 30MM,6
CR104PXC01G,BLOCK,19
CR104PXC1,BLOCK DE CONTACTO 1NA 30MM,1
CR104PXC10G,BLOCK CONTACTO GE,1
CR104PXG103,TAPON PARA CUBRIR ORIFICIOS DE 30MM,46
CR104PXL01G,CAPUCHON P/LAMPARA PILOTO VERDE,8
CR104PXL01M,CAPUCHON P/LAMPARA PILOTO AMBAR,63
CR104PXL05G,CAPUCHON P/PULSADOR ILUMINADO VERDE,6
CR104PXL05R,CAPUCHON P/PULSADOR ILUMINADO ROJO,15
CR104PXL05W,CAPUCHON P/PULSADOR ILUMINADO BLANCO,23
CR104PXL06M,CAPUCHON P/PULSADOR ILUMINADO AMBAR,59
CR104PXM01B,CAPUCHON P/PULSADOR RASANTE NEGRO,17
CR104PXM01E,CAPUCHON P/PULSADOR RASANTE AMARILLO,9
CR104PXM01G,CAPUCHON P/PULSADOR RASANTE VERDE,1
CR104PXM01R,CAPUCHON P/PULSADOR RASANTE ROJO,6
CR104PXM02B,CAPUCHON P/SELECTOR NEGRO,50
CR104PXM02E,CAPUCHON P/SELECTOR AMARILLO,4
CR104PXM02G,CAPUCHON P/SELECTOR VERDE,2
CR104PXM02R,CAPUCHON P/SELECTOR ROJO,4
CR104PXM03B,CAPUCHON HONGO 1 3/8 NEGRO,20
CR104PXM03E,CAPUCHON HONGO 1 3/8 AMARILLO,14
CR104PXM03G,CAPUCHON HONGO 1 3/8 VERDE,9
CR104PXM03R,CAPUCHON HONDO 1 3/8 ROJO,95
CR104PXM06B,"CAPUCHON HONGO 2 3/8"" NEGRO",19
CR1062R2AAP2000,ARRANCADOR MANUAL M-0,3
CR1062S2AAP2000,ARRANCADOR MANUAL,4
CR1062S3AAP2000,ARRANCADOR MANUAL,2
CR1062S3AAT2000,ARRANCADOR CR-106 TAM 4 3F,2
CR115B1,INT. DE LIMITE,2
CR123C036A,ELEMENTO TERMICO,30
CR123C043A,ELEMENTO TERMICO,31
CR123C054A,ELEMENTO TERMICO,18
CR123C060A,ELEMENTO TERMICO,38
CR123C066A,ELEMENTO TERMICO,33
CR123C071A,ELEMENTO TERMICO,12
CR123C078A,ELEMENTO TERMICO,15
CR123C087A,ELEMENTO TERMICO 0.76-0.74,21
CR123C097A,ELEMENTO TERMICO,45
CR123C104B,ELEMENTO TERMICO 9.67-9.27,30
CR123C109A,ELEMENTO TERMICO .93-.92,39
CR123C113B,ELEMENTO TERMICO 10.4-10.0,44
CR123C118A,ELEMENTO TERMICO 1.04-1.02,30
CR123C125B,ELEMENTO TERMICO 11.0-10.7,8
CR123C131A,ELEMENTO TERMICO 1.15-1.10,3
CR123C137B,ELEMENTO TERMICO 12.4-12.00,48
CR123C148A,ELEMENTO TERMICO 1.27-1.23,15
CR123C151B,ELEMENTO TERMICO 13.2-12.9,17
CR123C163A,ELEMENTO TERMICO 1.39-1.38,12
CR123C163B,ELEMENTO TERMICO 15.4-15.1,9
CR123C180B,ELEMENTO TERMICO,16
CR123C184A,ELEMENTO TERMICO 1.55-1.49,16
CR123C196A,ELEMENTO TERMICO 1.73-1.67,31
CR123C198B,ELEMENTO TERMICO,4
CR123C220A,ELEMENTO TERMICO 1.89-1.79,30
CR123C228B,ELEMENTO TERMICO,53
CR123C239A,ELEMENTO TERMICO 2.05-1.98,30
CR123C250B,ELEMENTO TERMICO 22.5-22.3,20
CR123C268A,ELEMENTO TERMICO 2.28-2.24,5
CR123C273B,ELEMENTO TERMICO 23.9-23.5,32
CR123C301A,ELEMENTO TERMICO,5
CR123C303B,ELEMENTO TERMICO P/CR300 26.3,2
CR123C326A,ELEMENTO TERMICO 2.79-2.75,61
CR123C330B,ELEMENTO TERMICO 32.5-31.06,28
CR123C356A,CR123C356A ELEMENTO TERMICO 3.31-3.25,30
CR123C366B,ELEMENTO TERMICO 36.7-34.7,3
CR123C379A,ELEMENTO TERMICO 3.70-3.43,26
CR123C400B,ELEMENTO TERMICO 36.8-41.9,21
CR123C419A,ELEMENTO TERMICO 4.06-4.03,8
CR123C440B,ELEMENTO TERMICO,54
CR123C460B,ELEMENTO TERMICO,30
CR123C466A,ELEMENTO TERMICO,12
CR123C490B,ELEMENTO TERMICO,30
CR123C500B,ELEMENTO TERMICO,30
CR123C526A,ELEMENTO TERMICO 4.95-4.94,33
CR123C550B,ELEMENTO TERMICO,3
CR123C592A,ELEMENTO TERMICO 5.49-5.36,9
CR123C600B,ELEMENTO TERMICO,30
CR123C630A,ELEMENTO TERMICO 5.91-5.77,15
CR123C695A,ELEMENTO TERMICO 6.47-6.35,18
CR123C778A,ELEMENTO TERMICO 7.20-6.92,25
CR123C955A,ELEMENTO TERMICO 8.72-8.47,18
CR123F104C,ELEMENTO TERMICO 87.5-82.2,23
CR123F114C,ELEMENTO TERMICO,17
CR123F118C,ELEMENTEO TERMICO,39
CR123F133C,ELEMENTO TERMICO,18
CR123F149C,ELEMENTO TERMICO,13
CR123F161C,ELEMENTO TERMICO,18
CR123F174C,ELEMENTO TERMICO,30
CR123F181B,ELEMENTO TERMICO,6
CR123F199B,ELEMENTO TERMICO,2
CR123F243B,ELEMENTO TERMICO,22
CR123F270B,ELEMENTO TERMICO,27
CR123F300B,ELEMENTO TERMICO 27.0-26.1,27
CR123F327B,ELEMENTO TERMICO 29.1-28.0,31
CR123F357B,ELEMENTO TERMICO 31.8-31.3,22
CR123F395B,ELEMENTO TERMICO,14
CR123F430B,ELEMENTO TERMICO,25
CR123F487B,ELEMENTO TERMICO 41.9-40.9,13
CR123F567B,ELEMENTO TERMICO,20
CR123F614B,ELEMENTO TERMICO 52.1-51.0,34
CR123F658B,ELEMENTO TERMICO 55.8-52.0,51
CR123F719B,ELEMENTO TERMICO,5
CR123F772B,ELEMENTO TERMICO 68.1-63.3,2
CR123F848B,ELEMENTO TERMICO,51
CR123F914B,ELEMENTO TERMICO 78.2-73.5,48
CR123H103B,ELEMENTO TERMICO,9
CR123H122B,ELEMENTO TERMICO,9
CR123H529A,ELEMENTO TERMICO,9
CR123H802A,ELEMENTO TERMICO,32
CR123H873A,ELEMENTO TERMICO,9
CR124D028,RELEVADOR T-2 LINEA 100,5
CR124F028,RELEVADOR T-4 LINEA 100,4
CR151B2,TABLILLA TERMINAL DE 12 PUNTOS 30A 600V,3
CR151B21AF,TABLILLA TERMINAL 12 PUNTOS C/CUBIERTA,22
CR151B6,TABLILLA TERMINAL 6P 30A,59
CR305A002,CONTACTOR ABIERTO 10A 1.5HP 220V,2
CR305C003,CONTACTOR T-1 3P 7.5HP 30A 220V S/GAB,4
CR305C004,CONTACTOR TIPO 1 30A BOBINA 460-480,4
CR305D002,CONTACTOR CR305 ABIERTO N2 50A,7
CR305E002,CONTACTOR T-3 3P 30HP 100A 110V S/GAB,2
CR305F002,CONTACTOR N1 150A 50HP 220V,2
CR305F004,CONTACTOR,1
CR305T003,ARRANCADOR BOBINA 220V,1
CR305X100A,CONTACTO AUXILIAR 1NA,4
CR305X100B,CONTACTO AUXILIAR 1NC,30
CR305X100E,CR305X100E Aux Cont,10
CR305X120N,ESTACION DE BOTONES,5
CR305X200A,CONTACTOR,4
CR305X200C,CONTACTO AUXILIAR T-2 1NA+1NC,1
CR305X220N,BOTONERA DE ENCENDER APAGAR,3
CR305X300A,CONTACTO AUXILIAR T-3 4 1NA,16
CR305X300B,CONTACTO AUXILIAR 1NA,1
CR305X350B,KITS DE LUZ PILOTO ROJO NEMA 3  4,1
CR306A002,ARRANCADOR N0 9A 1.5HP 220V,7
CR306A004,ARRANCADOR T-00 3P 9A 1.5HP 440V S/GAB,5
CR306A103,ARRANCADOR MARGNETICO,2
CR306B002,ARRANCADOR N0 18A 3HP 220V,4
CR306B004,ARRANCADOR,5
CR306B602,ARRANCADOR N0,3
CR306C002,ARRANCADOR N1 27A 7.5HP 220V,2
CR306C003,ARRANCADOR N1 27A 220V,4
CR306C023,ARRANCADOR N1,2
CR306C603,ARRANCADOR N0,2
CR306D002,ARRANCADOR N2 45A 15HP 220V,11
CR306D004,ARRAMCADOR NEMA 1,6
CR306E004,ARRANCADOR ABIERTO N3 90A 30HP,1
CR306E102,ARRANCADOR N3 90A 30HP 220V,1
CR306F002,ARRANCADOR N3 REV 135A 100HP,2
CR306F004,ARRANCADOR ABIERTO T4 135A,4
CR309C002,ARRANCADOR MAGNETICO,1
CR309C002CAA,ARRANCADOR MAGNETICO REV.,1
CR309D002,ARRANCADOR N2 REV.20HP 440V,1
CR309D004,ARRANCADOR MAGNETICO BOBINA 440V,4
CR324CXDS,RELEV. ESTADO SOLIDO T-1 0 .8-1.7A,1
CR324C310A,Relevador 3P  11  27A 1NC,5
CR324C310F,RELEVADOR  T-00 0 1 LINEA 300,11
CR324C360A,rele de sobrecarga 300-line  27A  N1,1
CR324C360F,relevador NEMA 00,4
CR324D310A,RELEVADOR T-2 LINEA 300,11
CR324D310F,RELE PN CR324D310F GENERAL ELECTRIC,7
CR324E310A,RELEVADOR T-3 GE,5
CR324E310F,RELEVADOR DE SOBRECARGA CR300 3 1NC,8
CR324E360F,RELEVADOR NEMA3,2
CR324F310F,Relevador de Sobrecarga CR300 4 1NC,3
CR324F660F,ARRANCADOR N4,5
CR353EG3BA1D,CONTACTOR PROPOSITO DEFINIDO,1
CR353FF3BH1BD,CONTACTOR DE PROPOSITO DEFINIDO 3P 60A,1
CR360L51304ADBZ,CONTACTOR DE ALUB.3P 100A B220V,1
CR420HPA022J,RELAY DPDT 120 VAC,2
CR420NPL0224,RELEVADOR  2P 15A 24VCD LED,39
CR453AC3HBBD00AB,CONTACTOR PROPOSITO DEFINIDO 3P 24V 30A,1
CR453CC3HLLAY,CONTACTOR PROPOSITO DEFINIDO,16
CR9500B100A2A,SOLENOIDE CAJA FUERTE INDUSTRIAL 600V,1
CSCN70A3103,CONTACTOR CAPACITIVO 70 KVAR 140 AMP,2
CSPT19AMARILLO,CINTA PLASTICA TEMFLEX 3/4,3
CTRLCCT-001,CONTROL REMOTO 8.5W 3V,1
CURP-100,"CURVA DE PVC 4""PESADO",5
CURP-19,"CODO PVC PESADO 3/4""",60
CURP-32,CURVA 90 PESADO 1 1/4'',404
CURP-38,"CURVA 1 1/2""PESADA PVC",79
CURP-64,"CURVA 90° DEPLAYUSA 2 /1/2"" PESADO",28
CURP-75,"CURVA DE 3"" PVC",17
CUR2X12,CABLWE USO RUDO 2X12,100
C04255J,BOBINA 110V P/CK85BA3-CK07BA4,1
C04255M,BOBINA 220V P/CK85BA3/CK07BA4,1
C04255V,BOBINA 440V P/CK85BA3/CK07BA4,1
C04787J,BOBINA 110V P/CK08BA4,1
C04787M,BOBINA 220V P/CK08BA4,1
C04787V,BOBINA 440V P/CK08BA4,1
C079/NE,LUM COLGANTE E27 SIN LAMPARA,1
C08998J,BOBINA 110V P/CK13BA3/CK13BA4,1
C091/AB,LUM SUSPENDIDO CRISTAL E27 AMBAR,2
C091/HU,LUM SUSPENDIDO CRISTAL E27 HUMO,1
C098/CR,LUMINARIO PARA TECHO,1
C098/HU,LUMINARIA PARA TECHO 1* E27 TRASLUCIDO,1
C1AC4,C1AC4,1
C12168C,BOBINA SIN MOD. ELECTRONICO 24 VCA,1
C12168I,BOBINA 120V P/CK75CA/CK08CA,1
C12168M,BOBINA 220V P/CK75CA3/CK08CA3,2
C12168V,BOBINA 440V P/CK75CA3/CK08CA3,2
C1600,CINTA 3M TEMFLEX NEGRA,5
C2030-8/NE,LUMP/TECHO SUSPENDIDO 8XE27 NEGRO,4
C2035-3/NE,LUM. P/TECHO CRISTAL OPAL 3xE27  NEGRO,1
C2036-10/NE,LUMINARIO PARA TECHO CANDIL 10L,2
C2038-6/CR,LUMINARIA PARA TECHO 6L CROMO,4
C220LSIGR,MICRO VERSATRIP  PLUS,1
C222/BL,LUM. P/TECHO SUSPENDIDO E27 BLANCO,1
C226/BL,LUMINARIA DECORATIVA,1
DH-5101.SUSB,LUMINARIA DECORATIVA PARA SUSPENDER  50,2
DH-5101.SUSN,Luminario tipo spot para sobreponer,2
DRIVERLED-12V-36,Driver 12V DC  36 Watts  IP67,1
EA2000-MX,Kit for joining plates  height 2000mm,21
EA2013-MX,Placa o platina de fondo de 2000X1200 mm,45
EA2060-MX,Control and Automation Board W 600 mm H 2000 mm D 400 mm,2
EA2080-MX,Platina de Fondo de 2000x800 mm.,32
EB27B04SC,TABLILLA CORTOCIRCUITABLE 4P CON CUBIERT,2
EB27B06S,TERMINAL BLOCK 6 PUNTOS 30A #10-18 AW,3
EB27B-12SC,TABLILLA CORTOCIRCUITABLE 12P CON CUBIER,5
EC2012K-MX,PUERTA CIEGA 2000X1000MM(HXW) 7035,1
EC2060K-MX,Puerta ciega de 2000x600 mm,8
EC2080FC6K-MX,Puerta de cierre por solape (sin montant,26
EC2080K-MX,Puerta ciega de 2000x800 mm.,22
ED0025,UfixL Alimentador 2500mm,148
ED2012SK-MX,Puerta de cierre por solape (sin montant,26
ED2183,UfixH Bastidor 600mm,9
ED2191,UfixH Bastidor 800mm,26
ED2209,UfixH alimentador 4P 400A,36
ED2217,UfixH Base XT1 L1 Sup.125A,109
ED2225,UfixH Base XT1 L2 Sup.125A,110
ED2233,UfixH Base XT1 L3 Sup.125A,110
ED2290,UfixH Base XT3 L1 Sup.250A,5
ED2308,UfixH Base XT3 L2 Sup.250A,2
ED2407,UfixH Tapa plas.173mm 10pz,6
ED2531,UfixH Base S200 L1 Sup.63A,74
ED2549,UfixH Base S200 L2 Sup.63A,73
ED2556,UfixH Base S200 L3 Sup.63A,76
ED2564,UfixH Base S200 N Sup.63A,32
ED2944,UfixL Barra Alim.12 mod.100A,20
ED2951,UfixL Barra Alim.18 mod.100A,5
ED2969,UfixL Barra Alim.24 mod.100A,27
ED3066,UfixL Conexiones N 100A 10pz,31
ED3090,UfixL Cablealim.4P100A600mm,1
ED3101,UfixL Borne alim.L1 1P 10pz,5
ED3102,UfixL Borne alim.L2 1P 10pz,5
ED3103,UfixL Borne alim.L3 1P 10pz,7
ED3104,UfixL Borne alim.N 1P 10pz,5
EF6060-MX,IS2 BRIDAS PASACABLES CORREDERAS 600X600MM,8
EF8040-MX,Control and Automation Board W 800 mm H 1400 mm D 400 mm,2
EF8060-MX,IS2 PLACA DE CIERRE DE SUELO CORREDERO 800X600MM,1
EF8080-MX,Tapas corredera para entrada de cables,130
EGT5G18W,LUM LINEAL 18W LUZ BLANCO FRIO 120 CM OP,2
EK0004,EK0004,1
EK1260KN-MX,Base/Techo y Zocalo de 1200x600,5
EK1280KN,Base/top 1200x800mm WxD,29
EK6060KN-MX,Control and Automation Board W 600 mm H 1400 mm D 600 mm,2
EK8040KN-MX,Control and Automation Board W 800 mm H 1400 mm D 400 mm,2
EK8060KN-MX,Base/Techo y Zocalo de 800x600,6
EK8080KN-MX,Base/Techo y Zocalo de 800x800,37
EL1A0015MC,TRANSF.SECO 3F 15KVA 480D-220V D/E AL,10
EL1A0030MC,TRANSF.SECO 3F 30KVA 480D-220V D/E AL,16
EL1A0045MC,TRANSF.SECO 3F 45KVA 480D-220V D/E AL,13
EL1A0075MC,TRANSF.SECO 3F 75KVA 480D-220V D/E AL,7
EL1A0112MC,TRANSF.SECO 3F 112.5KVA 480D-220V D/E AL,6
EL2060K,IS2 Tapa lat.2000x600mm 2pz,10
EL2080K-MX,IS2 Tapa lat.2000x800mm 2pz,94
EM2000-MX,Cuatro montantes de 2000 mm C/Bisagras,49
EM2020C-E27/S,EMPOTRADO GDE 13.2 CM ALT C/CRIST E27,2
EN0150K,IS2 Rejilla&filtro 150x150mm,2
EN0204K,IS2 Rejilla&filtro 204x204mm,16
EN0250K,IS2 Rejilla&filtro 250x250mm,3
EN2150K,IS2 Filtr+vent 115V150X150mm,4
EN2204K,IS2 Filtr+vent 115V204x204mm,22
EN2250K,IS2 Filtr+vent 115V250x250mm,1
EP2010K-MX,Panel posterior de 2000x1000 mm,2
EP2012K-MX,Panel posterior de 2000x1200 mm,34
EP2060K-MX,Panel posterior de 2000X600 mm,8
EP2080K-MX,Panel posterior de 2000X800 mm,21
ER8445D,NEXT ENCLOSURE 84HX45W N12,2
EV0003-MX,Cabinet joining kit,27
EV0006,Control and Automation Board W 400 mm H 1400 mm D 300 mm,1
EV0006-MX,Internal cabinet joing kit,20
EV0008,Control and Automation Board W 400 mm H 1400 mm D 300 mm,1
EV0008-MX,N.8 Rivets For Joining Structures,27
EV1119,K Barra Perforada 20x5mm 2pz,4
EV1122,K Aislaste hexa.M6 50pz 30mm,1
EV1123,K Aislaste hexa.M8 50pz 30mm,13
EV1135,K Tapa panel inst.72x72mm,11
EV-75,DETECTOR FOTOELECTRICO DE,184
EXND-LED/001/30,LAMP LED MR16 7W12V 3000K600LM,19
E1008,Terminal tipo ferrul aislada 1.0mm² 18AW,3
E1.2B12FAA-1+0,Transfer - E1.2B  1250 A  Fijo  Ekip Dip-LI  127Vac/dc  Tipo A (1+0)  3 Polos,1
E1.2B12FAB-1+0,Transfer - E1.2B  1250 A  Fijo  Ekip Dip-LI  24dc  Tipo A (1+0)  3 Polos,2
E1.2B16WAA-1+1,Transfer - E1.2B  1600 A  Extraíble  Relé Ekip LI  127Vac/dc  Tipo A (1+1)  3 Polos,1
E1.2N12FAA-1+0,E1.2N  1250 A  Fijo  Ekip Dip-LI  127Vac/dc  Tipo A (1+0)  3 Polos,1
E1.2N12WCA-1+1,TT- E1.2N  1250 A  Extraíble  Relé Ekip,1
E2.2N20FAA-0+0,C.BREAKER SACE EMAX2 E2.2N 2000,1
E2.2N20FAA-1+0,Transfer - E2.2N  2000 A  Fijo  Ekip Dip-LI  127Vac/dc  Tipo A (1+0)  3 Polos,1
E2.2N20FAA-1+1,Transfer - E2.2N  2000 A  Fijo  Ekip Dip,1
E2.2N25FAA-1+0,Transfer - E2.2N  2500 A  Fijo  Ekip Dip-LI  127Vac/dc  Tipo A (1+0)  3 Polos,1
E2.2N25FAA-1+1,Transfer - E2.2N  2500 A  Fijo  Ekip Dip-LI  127Vac/dc  Tipo A (1+1)  3 Polos,1
E2.2N25WAA-1+1,Transfer - E2.2N  2500 A  Extraíble  Relé Ekip LI  127Vac/dc  Tipo A (1+1)  3 Polos,1
E4.2N32FAA-1+1,E4.2N  3200 A  Fijo  Ekip Dip-LI  127Vac/dc  Tipo A (1+1)  3 Polos,1
FABRICACION,,300
FAL36100,INT.TERMOMAG.3P 100A  480V,2
FASHTJ,disparo en derivación  110 V CC/CA,3
FDC35TE160GD,FDC35TE160GD,2
FDN36TD016ED,RECORD PLUS 16 AMP,1
FDN36TD020ED,RECORD PLUS 20 AMP,2
FDN36TD025ED,RECORD PLUS 25 AMP,3
FDN36TD032ED,RECORD PLUS 32 AMP,1
FDN36TD050ED,RECORD PLUS 50 AMP,2
FDN36TD063ED,RECORD PLUS 63 AMP,1
FDN36TD100GD,RECORD PLUS 100 AMP,1
FDQDB3H6,Bloque Dif.Inferior 3P 400/690V CA,4
FDQDB3M6,BOTON DIFERENCIAL-3P-200-440V,6
FDQDB4H6,BOTON DIFERENCIAL-4P-400-690V,5
FDQDB4M6,BOTON DIFERENCIAL-4P 200-440V,3
FEGS0250,SENSOR DE FALLA A TIERRA 250 AMP,2
FEJS3,Protección Cubrebornes corto con tapa 3P,6
FEQDB3HK6,BOTON DIFERENCIAL,1
FEQDB3MK6,BOTON DIFERENCIAL-3P-200-440V,2
FEQDB4HK6,RECORD PLUS,3
FEQDB4MK6,RECORD PLUS,2
FETCA1320,Bornes Int.Jaula Cu/Al 150mm,7
FETDD4250K,RECORD PLUS,1
FGGS0400,TRAFOR 400A DEFECTO TIERRA,2
FGGS0630,Sensor de dispositivo de falla a tierra,1
FGH47DA400LF,RECORD PLUS,1
FGH47DA630NF,RECORD PLUS 630 AMP,1
FGJM3,Cubrebornas medios con tapa final 3P,5
FGN47DD400LF,RECORD PLUS,2
FLNR100 ID,FUSIBLE,6
FLSR100 ID,FLSR100ID FUSIBLES IND.ELE 100A600VAC300VDC RK5,84
FLSR200ID,FUSIBLE 200A 600V LITTELFUSE,48
FLSR30ID,FUSIBLE 30A 600V LITTELFUSE,3
FLSR60ID,FUSIBLE 60A 600V LITTELFUSE,78
FLSR600ID,FUSIBLE 600A 600V LITTELFUSE,6
FSC1/2,CONDULET FSC 1/2,27
FSC19,CONDULET FSC 3/4,10
FS-95 8 HOMAC,PULPO 8 VIAS CALIBRE 350 HOMAC,20
F002,FUENTE 30W Vin 90-277V,2
F3HA10TTIST,CAJA DE CONEXIONES 3F 3H 1000A 600V AL,2
GD1520,GD1520,24
GE-625-4,ZAPATA 4000,9
GJL1213009R8101,BC6-30-10-P-1.4-81 Mini Contactor,10
GJL1311001R0101,B7-30-10-01 Mini Contactor,4
GJL1311901R0011,VB7-30-01-01 Mini Rev.Contactor,3
GJL1311911R8100,VB7A-30-10-80 Mini Rev.Contactor,15
GJL1313001R0101,MINI CONTACTOR TIPO BC7-30-10 24VCD ABB,37
GJL1313001R0107,MINI CONTACTOR TIPO BC7-30-10-12VCD ABB,50
GMC-18,LG 220V,1
GMC-18-25,1A1B 440VAC,1
GMC-22,Contactor 3P 9A 460v,7
GMC-22-120V,Contactor LG Bobina 120v,1
GMC-22-220V,Contactor LG Bobina 120v,2
GMC-32 ( 2A-2B ),CONTACTOR LG,1
GMC-32 (2A-2B),Contactor LG,1
GMC-65   ( 2A- 2,CONTACTOR LG,2
GMC-65 (2A- 26A),Contactor LG,2
GMC-9   220V,CONTACTOR 220V LG,2
GMC-9  440 V,CONTACTOR LG 440V,18
GMC-9-220V,Contactor LG 220v,2
GMC-9-40-3,Bobina 24v,2
GMC-9-40-30,BOBINA 24V,2
GMC-9-40-31,BOBINA 24V,2
GMC-9-440V,Contactor LG 440v,18
GMD-18,GMD-18 LG 24V,2
GMD-9-29,1A1B DC 24V,2
GMW-18MB/K,EST BOTONES START-STOP 12-18A,7
GMW-18MB/K8,1A1B 12-18A 220VAC,1
GMW-32B/K10,2A2B 22(18-26)A 220VAC,1
GMW-9MB/K,MOTOR STARTER W/PB 220V 5-8A,5
GMW-9MB/K  1.6,STARTED MOTOR L. G. 1.6 -  2.5 A,8
GMW-9MB/K 4-6,BOTONERA STARER  L.G  4-6A,10
GMW-9MB/K-1,EST. DE BOTONES START-STOP 2.5-,5
GMW-9MB/K2,2.5-4 A 220VAC,8
GMW-9MB/K5,8.5 (7-10) A 120VAC,14
GPAC02LRA,BLOCK DE CONTACTO 2NC LATERAL DERECHO,20
GPAC11LLA,BLOCK DE CONTACTOS AUXILIARES,18
GPAC20LLA,BLOCK DE CONTACTO 2NA LATERAL IZQUIERDO,8
GPES55A,CAJA P/GPS1*S,2
GPS1BHAK,GUARDAMOTOR 6.3 - 10A SURION,24
GPS1BHAM,GUARDAMOTOR 11-16A,20
GPS1BHAP,GUARDAMOTOR 19-25A,24
GPS1BHAR,GUARDAMOTOR 25-32A,8
GPS1BSAD,GUARDAMOTOR .4--.63A,8
GPS1BSAF,G.MOTOR 1-1.16A 1/3HP 220V 3/4HP,13
GPS1BSAH,G.MOTOR 2.5-4A 3/4HP 220V 2HP 480V,11
GPS1BSAK,G.MOTOR 6.3-10A 3HP 220V 5HP 480V,28
GPS1BSAL,GUARDAMOTOR 9-13A,2
GPS1BSAM,GUARDAMOTOR 11-16A,7
GPS1BSAN,G.MOTOR 14-20A 5HP 220V 10HP 480V,16
GPS1BSAP,GUARDAMOTOR 19-25A,3
GPS1BSAR,G.MOTOR 24-32A 10HP 220V 20HP,15
GPS2BHAN,INT. AUT.,3
GPS2BHAT,GUARDAMOTOR DE 35 A 50 AMPERES,2
GPS2BSAS,GUARDAMOTOR 25-32,3
GPS2BSAT,GUARDAMOTOR 35-50A,18
GPS2BSAU,GPS2BSAU INT. T+M PROT. 45-63A STAND.,3
GTK-022   7,RELEVADOR  L.G  7-10,3
GTK-022-11,LG 3P 9.0-13A 600V,7
GTK-022-15,LG 3P 12-18A 600V,7
GTK-022-19,LG 3P 16-22A 600V,10
GTK-022-3.3,LG 3P 2.5-4 A 600V,9
GTK-022-5.0,LG 3P 4.0-6.0A 600V,6
GTK-040-34,LG 3P 28-40A 600V,4
GTK-085-74,LG 3P 63-85A 600V,1
GTK-100,LG 3P 85-125A 600V THERMAL,1
GTK-22  1.6,RELEVADOR L.G.  1.6    -    2.5A,6
GTK40-11,22(18-26)A,5
GTK-85,LG 3P 54-75A 600V THERMAL,1
GTK-85/3,RELEV DE SOBRECARGA 45-65AMP,9
GTK85-3,RELEVADOR DE SOBRECARGA 18-,62
GTK85-5,28-40A,5
GTK85-6,24-36A,2
GTP0350U0408,RATING PLUG ENTELLIGUARD,1
GTP0400U0410,RATING PLUG ENTELLIGUARD,1
GTP0450U0612,Rating Plug Entelliguard 450Amps.,1
GTP0500U0613,Rating Plug Entelliguard 500Amps.,1
GTP0600U0616,RATING PLUG ENTELLIGUARD,2
GTP1000U1025,RATING PLUG ENTELLIGUARD,1
GTP1200U1232,RATING PLUG ENTELLIGUARD,2
GTP3200U3264,RATING PLUG ENTELLIGUARD,2
GU10L-LED/001/65,REFLECTOR LED GU10 6W 6500K,9
GX-12,LUM. INDICADORA SALIDA DE,11
G45D-LEDF/001/27,LÁMP E27 27K  4.5W  420LM  127V,1
HDA36060,INTERRUPTOR PPALLI-LINE 3 POLOS,1
HLED-370/N,EXTERIOR MUROS LED 9W100-240V4000K,3
HLED-803/B,LUM EXT BLANCO 1W 4000 K,8
HU361RB,INTERRUPTOR DE SEGURIDAD 3X30A 600V,3
H5010/S,LUM TECHO EMPT. DIRG.HALO ALUM,1
H-750-V/N,EXTERIOR REFLECTORES S/L100,5
IC200UAA003,MICRO PLC 14 POINTS VERSAMAX,1
IDSR400,FUSIBLES IND.ELE 400A600VAC600VDC C/RK5,1
IL0301L0043QCM,LUM SUBACUATICO C/HOUSING 4 LEDS 24 VDC,21
IL0436L0043ICD,CIES PARA SOBREPONER,1
IL9401L0093PCD,CICLOPE CIRCULAR 9 LEDS 24V,1
IP0601,L Marco Horiz.600mm 2pz,3
IP0604,L Marco Horiz.800mm 2pz,11
IP1000,L Marco Horiz.1000mm 2pz,1
IP1800,L Marco Vert.1800mm 2pz,1
JFD2500:5,Transformador de corriente tipo dona modelo JFD  relación  2500:5 Amperios,9
JTD125,Fusibles industriales 125A 600VAC,17
JTD125 ID,FUSIBLE IND 125A UL CLASS J FUS RETARDO,30
KB4EJ,BOBINA 110V P/CK75CEE-CK08CE3,1
KB4EN,BOBINA 220V P/CK75CE3-CK08CE3 (NECESITA,1
KB5EJ,BOBINA 110V P/CK85BE3-CK95BE3-CK07BE4,1
KB5EY,BOBINA 440V P/CK85BE3-CK95BE3,1
KB6EJ,BOBINA 110V P/CK12BE3-CL12BE4,4
KB6EN,BOBINA 220V P/CK12BE3-CK12BE4,1
KB7EJ,BOBINA 110V P/CK10CE3-CK11-CK10CE4-CL11C,2
KB7EY,BOBINA 440V P/CK10CE3 CK11-CK10CE4,3
KH-RS-R8,BASE RELAY LG,101
KH+102-2C,KOINO UR RELAY 8PIN 2P 10A 220V,60
KH-102-2C,KOINO UR RELAY 8 PIN 2P 10A 24V,39
KITA19CCTTCW3P,KIT DE 3 FOCOS  LED 7W,3
KLDR030,FUSIBLE CLASE CC   30 AMP  600V,7
KL-700,DETECTOR DE HUMO DE 2 HILOS,30
KM5EJ,MODULO ELECTRONICO 110V P/CK85BE3-CK95BE,1
KM5EN,MODULO ELECTRONICO 220V P/CK85BE3-CK95BE,1
KM6EJ,MODULO ELECTRONICO 110V P/CK95BE,1
KM6EN,MODULO ELECTRONICO 220 P/CK12BE3,1
KM7ED,MODULO ELECTRONICO 24VCD P/CK10CE3-CK11C,2
KM7EJ,MODULO ELECTRONICO 110V P/CK10CE3-CK11CE,3
KOBDES6,CABLE CU SEMIDURO DESNUDO CAL 6,100
KOBREXTHW1/0,CABLE  THW-LS 90 600V CAL 1/0,130
KOBREXTHW3/0,CABLE THW-LS 600V CAL3/0 KOBREX,59
KOBREXTHW4,Cable THWLS Calibre 4 AWG 600V 90°C,191
KOB-1/0DES,CABLE DE COBRE CALIBRE 1/0 DESNUDO,72
KOB-10DES,CABLE DE COBRE DESNUDO CAL 10 AWG,1270
KOB-10NGRO,CABLE THW-LS 600V CALIBRE 10,50
KOB-12BCO,CABLE THW-LS 600V CALIBRE 12,1500
KOB-12DES,CABLE DE COBRE DESNUDO CAL 12 AWG,6009
KOB14DES,CABLE COBRE DESNUDO CAL 14,954
KOB16,CABLE THW CAL 16 KOBREX,2573
KOB16NGO,CABLE DE COBRE CAL 16 TWH NEGRO,1102
KOB-2DES,CABLE DE COBRE DESNUDO CALIBRE 2,110
KOB2/0NEG,CABLE CALIBRE 2/0 NEGRO,25
KOB-250,CABLE COBRE 250KCM KOBREX,100
KOB-400,CABLE CALIBRE 400 KCM,166
KOB-6NGRO,Cable THWLS Calibre 6 AWG 600V 90°C,90
KOB-8BCO,CABLE THW-LS 600V CALIBRE 8,45
KOB-8DES,CABLE DE COBRE DESNUDO CALIBRE 8 AWG,40
K20K10-35,TERMINAL FOR BUSBAR,18
LA36400,INT. TERMOMAGNETICO I-LINE 3P 400A 600V,1
LB1AF,#N/D,5
LB1AJ,NO UTILIZAR,23
LB1AM,BOBINA 220V P/CL00 01 02,9
LB1A1,Bobina p/contactor 24v,31
LB1A3,BOBINA 110V P/CL00 01 02,19
LB1A5,Bobina p/contactor 220v,64
LB1A8,Bobina p/contactor 440V ca,15
LB1A9,BOBINA 48V P/CL00 02 03,22
LB1DD,BOBINA 24VCD P/CL00 02,17
LB1DK,BOBINA 120VCD P/CL00-CL02,2
LB3AJ,NO UTILIZAR,2
LB3AU,COIL,10
LB3A1,BOBINA 24V P/CL03 04 45,24
LB3A3,BOBINA P/CONTACTOR TRIPOLAR,104
LB3A5,Bobina p/contactor 220v,2
LB3A8,COIL AC 440V 50/60HZ,8
LB3DD,BOBINA 24VCD P/CL03 04 45,2
LB3DJ,BOBINA 120VCD P/CL03 04 45,3
LB4AU,BOBINA 480V P/CL06-CL10,5
LB4AV,BOBINA 440VAC P/CL05 06 07 08 09 10,11
LB4A1,BOBINA 24V P/CL05 06 07 08 09 10,1
LB4A4,BOBINA RECAMBIO 120V,2
LB4A5,BOBINA 220V P/CL05 06 07 08 09 10,36
LB4A8,BOBINA 440V P/CL05 06 07 08 09 10,14
LB4A9,BOBINA 48V P/CL05 06 07 08 09 10,10
LB4ED,BOBINA DE 24VCD P/CL06-CL10,5
LB4EJ,BOBINA 110VCD P/CL06-CL10,2
LG0006P1B0,GABINETE P/ ARRANCADOR CL00/CL02,3
LG0006P2B,ARRANCADOR 2HP 3FASES 220V GE,1
LG0006P3,ARRANCADOR TENSION PLENA TRIF. 220 V 3HP,1
LG0006P4,ARRANCA.TENSION PLENA 3P 12 AMP 4HP 220V,1
LG0006P5,ARRANCADOR TENSION PLENA TRIF.5 HP 220V,5
Lk1004,L Kit T1+Diff H 200x600mm,2
LMT-2835-WW4-414,MODULO BACKLIGHT 4 LED 2835 BLANCO NEUTR,16
LPSC0001Z,ACS 600V CCPOWER-SAFE 30A,150
LPSC0001ZXID,PORTAFUSIBLE,120
LPSC0002Z,ACS 600V CCPOWER-SAFE 30A,35
LPSC0002ZXID,ACS 600V 30A IND2,50
LPSC0003Z,LPSC003,61
LPSC0003ZXID,FUSIBLES,32
LPSM0001Z,FUSIBLES,31
LPSM0001ZXID,FUSIBLES,69
LPSM0002Z,LPSC002,5
LPSM0002ZXID,ACS 600V MIDGT,35
LPSM0003ZXID,ACS 600V,36
LP3HA04SL10,ELECTRODUCTO 3F 3H 400A 600V ALUMINIO,10
LX1000,L Kit XT1 H 200x600mm,4
LX3000,L Kit XT3 H 200x600mm,1
L15H,LAMPARA SUBURBANA 150W 120V,18
L5071-1E0,LUNA 9 SS 127V AFP 3000K BLANCO,3
L5072-1I0,LUNA 16 SS 127V AFP 4000K BLANCO,3
L6419-3E0,BL FLAT1800 P.A. 35W 127V AF 30K NG OP,1
MACN202AT,BLOQUE DE CONTACTO AUX. 2NC FRONTAL,10
MARL110AT,BLOQUE DE CONTACTO AUX. 1NA LATERAL,5
MARN211AT,BLOQUE DE CONTACTO AUX. 1NA+1NC FRONTAL,38
MB0AJ,BOBINA DE INTERCAMBIO 110V DC,21
MB0AM,BOBINA 220V,7
MB0A3,BOBINA P/MINICONTACTOR 110VCA,53
MB0A5,BOBINA P/MINICONTACTOR 220VCA,7
MB0CD,BOBINA P/MINICONTACTOR 24VCD,213
MB0CL,BOBINA P/MINICONTACTOR 125VCD,142
MB133,MB133 KIT DE MONTAJE P/INT.TED,1
MB2332,MB2332 KIT DE MONTAJE P/2 INT.SFH SFL,4
MB423,MB423 KIT DE MONTAJE P/INT.TEY,10
MB513,KIT DE MONTAJE P/INT.TQD,2
MB516,MB516 KIT DE MONTAJE P/2 INT.TQD,3
MB613,MB613 KIT DE MONTAJE P/INT.THQB,3
MB713,MB713 KIT DE MONTAJE P/INT.TJD,5
MB823,MB823 KIT DE MONTAJE P/INT.TJJ,2
MCRA022ATJ,MINI CONTACTOR 4P 110V,18
MCRA022AT1,MINI CONTACTOR 16AM 2NA+2NC 24VCA,5
MCRA022AT3,MINICONTACTOR 2NA+2NC 120VCA,33
MCRA031AT3,MINICONTACTOR 3P 3NA+1NC 16AMP 110V,1
MCRA040AT3,MINICONTACTOR 4NA 16AMP 120VCA,9
MCRC022ATD,MINICONTACTOR 4 AMP 2NA+2NC 24VCD,10
MC0A310AT,CONTACTOR 6A BOBINA 24V,1
MC0A310AT3,CONTACTOR 6A BOBINA 110V,23
MC0800,N.2 SIDE CLOS.FOR WALL-MOUNT.STR.800X165,2
MC1A301ATJ,MINI CONTACTOR 3 POL,9
MC1A301AT5,MINICONTACTOR 3P 9A 1NA 220VCA,5
MC1A310AT3,MINICONTACTOR 3P 9A 1NA 110V,30
MC1C310ATD,MINI CONTACTOR 24 VCD 9 AMPERES.,4
MC1000,N.2 SIDE CLOS.FOR WALL-MOUNT.STR.1000X16,1
MC1400,N.2 SIDE CLOS.FOR FLOOR-MOUNT.STR.1400X1,3
MC2000,N.2 SIDE CLOS.FOR FLOOR-MOUNT.STR.2000X1,6
MEPL749,MEPL749,1
MGL36400,INT. TERMOMAGNETICO I-LINE 3P 400A 600V,1
MH44,Cja acero rolado p/tab NQ-NF mod. MH44M,1
MI1200,L Postes unión 1200mm,1
MI1400,L Postes unión 1400mm,1
MI2000,L Postes unión 2000mm,2
MLA1,MLA1 KIT P/ZAPATAS 225A,17
MLA41,MLA41 KIT P/ZAPATAS 400A,12
MLA61,KIT P/ZAPATAS 600A,8
MMHO,BLOQUEO MECANICO,16
MODT1-MX,PB Cubre mod.Bus XT1 10pz,21
MODT3-MX,PB Cubre mod.Bus XT3 10pz,23
MODT4-MX,PB Cubre mod.Bus T4 10pz,26
MODT5-MX,PB Cubre mod.Bus T5 10pz,30
MORDAZA 60A,MORDAZA PARA FUSIBLE DE 60A 600V,31
MR16D-LED/001/30,FCO LED MR16 DIMEABLE 7W 100-220V GU5.3,9
MR16LED/5.5/W/30,FOCO MR16LED 5.5W 3000K 100-127V TECNOLI,8
MR16L-LED/001/30,FOCO LED MR16 6W 3000K 100-240V 550lm.,4
MR16SMDLED3W 30K,FOCO LED MR 16 3W 3000K GX5.3 100-127V,200
MTO3G,RELEVADOR,6
MTO3L,RELEVADOR DE SOBRE CARGA 4-6.3A,19
MUBITB12012F,CENTRO DE CAR. 1P 50A 120/240 CONNERICUT,79
MUBITB24024F,CENTRO DE CARG  2P 50 AMP 120/240V CONNE,383
MUBITB24024S,CENTRO DE CAR. 2P 50A 120/240 SOBREPONER,64
MUBITB24048F,C DE CARGA 4 EMPOTRAR,483
MVB0T,BASE DE FIJACION INDEPENDIENTE EN RIEL,3
MX4W-A-FN,Amperímetro,1
M008160000,Caja IP55  100x100x50  KO,19
M008200000,CAJA IP55 105x70x50 KO,65
M008220000,CAJA IP55 153x110x66 KO,96
M051330000,CANALETA 25X30,1
M051430000,WIRING DUCT PVC 25X40 4/6,18
M051870000,M051870000,2
M051890000,Canaleta termoplastica ABB con ranuras v,1
M126440000,IP55 EUROPA WALL-M 4M SPRING,12
M126460000,EUROPA IP55 6M  DULOS,13
M126500000,EUROPA IP55 10 M DULOS,8
M126520000,EUROPA IP55  20 Módulos,10
M126600000,Panel Frontal IPS55 10 M dulos,14
M128040000,IP65 POLYC. BOX RAL7035-140X220X140,138
M128630000,TAPA CUBRE MODULOS GRIS (4M),76
M128650000,Cerradura EUROPA IP55,6
M128800000,Borne N+T 2x16 + 3x25,10
M128820000,BOME N+T 16x16 + 5x25,10
M128840000,BOME N + T 6x16 +5 x 25,1
M128860000,Borne N+T 6x16 + 5x25,3
NC44F,FRENTE,1
NHL2400HP62NR,Luminario Express Vector 400w Sodio,1
NLT1L,STEADY LIGHT UNIT AZUL 12 240V,10
NLT75AJ,MODULO PULSANTE CONSTANTE 115V IP54,1
NLT9TC,TERMINAL UNIT W/TOP COVER,1
NMTCV2,RELEV.TEMPORIZADOR ELECTRONICO,40
NQMB2HJ,Kit de interruptor marco J cod. NQMB2HJ,1
NQ184L100S,TABLERO 18 CIR ZAPATAS 100 AMP,1
NQ430L2C,INTERIOR TABLERO ALUMBRADO 30,1
NX-148E-M,TECLADO LCD,13
NX-4-I,CPU 4 A 8 ZONAS C/GABINETE,21
NX-408E,EXPANSOR INALAMABRICO 8 ZONAS,15
NX-6,CPU 6 A 16 ZONAS C/GABINETE,107
NX-8-KIT-7-LX,KIT MX8 CON TECLADO NX148-MX,19
OA1G01,OA1G01 = 1SCA022353R4890 - Contacto Auxi,51
OA2G11,OA2G11 = 1SCA022379R8100 - Contacto Auxiliar 1 NO + 1 NC  16A para OT16...125F  FT,10
OA3G01,OA3G01 = 1SCA022456R7410 - Contacto Auxiliar Lateral Externo 1 NC  16 A para OT16...125F  FT  hasta OT2500,13
ODPSE230C,ODPSE230C = 1SCA116892R1001 - Fuente para Voltaje de control Redundante  2 entradas 1 Salida para todas OTM 220V,1
OFAF00H125,OFAF00H125 = 1SCA022627R1630 - Fusible 125A Tamaño Din/NH 00* Tipo gG/500V  120kA  DIN43620 Usos Generales,8
OFAF000H10,OFAF000H10 = 1SCA022627R0580 - Fusible 10A Tamaño Din/NH *000 Tipo gG/500V  120kA  DIN43620 Usos Generales,27
OFAF000H16,OFAF000H16 = 1SCA022627R0660 - Fusible 16A Tamaño Din/NH *000 Tipo gG/500V  120kA  DIN43620 Usos Generales,24
OFAF000H20,OFAF000H20 = 1SCA022627R0740 - Fusible 20A Tamaño Din/NH *000 Tipo gG/500V  120kA  DIN43620 Usos Generales,27
OFAF000H25,OFAF000H25 = 1SCA022627R0820 - Fusible 25A Tamaño Din/NH *000 Tipo gG/500V  120kA  DIN43620 Usos Generales,23
OFAF000H32,OFAF000H32 = 1SCA022627R0910 - Fusible 32A Tamaño Din/NH *000 Tipo gG/500V  120kA  DIN43620 Usos Generales,21
OFAF000H40,OFAF000H40 = 1SCA022627R1120 - Fusible 40A Tamaño Din/NH *000 Tipo gG/500V  120kA  DIN43620 Usos Generales,10
OFAF1H200,OFAF1H200 = 1SCA022627R4490 - Fusible 200A Tamaño Din/NH 1 Tipo gG/500V  120kA  DIN43620 Usos Generales,3
OFAF1H250,OFAF1H250 = 1SCA022627R4650 - Fusible 250A Tamaño Din/NH 1 Tipo gG/500V  120kA  DIN43620 Usos Generales,6
OFAF1H315,OFAF1H315 = 1SCA022627R4730 - Fusible 315A Tamaño Din/NH 1 Tipo gG/500V  120kA  DIN43620 Usos Generales,11
OF8022BBNA,LUMINARIO SUSPENDER 36W 4000K CONSTRULIT,5
OHBS2AJ1,OHBS2AJ1 = 1SCA105215R1001 - Manija Selector IP65 para OT16…125F color Negro/rojo para OT16…125F agregar Varilla 6mm ø Tipo selector,10
OHBS2PJ,OHBS2PJ = 1SCA105231R1001 -Manija Selector IP65 para OT16FT…40FT color Negro/rojo no usa varilla Fijacion por Contratuerca para OT16…40FT,10
OHB45J6E311,OHB45J6E311 = 1SCA022817R2130 - Manija Pistol 45mm indicador 1-0-2 negra/roja  p/Transferencia Manual OT16…80F_C  Agregar Varilla 6mm ø  candado en cualquier posicion,16
OHYS2AJ1,OHYS2AJ1 = 1SCA105297R1001 -Manija Selector IP65 para OT16…125F  color amarilla/rojo para OT16…125F agregar Varilla 6mm ø Tipo selector,13
OHYS2RJ,OHYS2RJ = 1SCA105323R1001 - Manija Selector IP65 para OT16FT…125FT amarilla/rojo no usa varilla Fijacion por Cuatro Tornillos para OT16...125FT,6
OHY45J6,"OHY45J6 = 1SCA022380R8930 - Manija TipoPistol Longitud 45mm IP65  NEMA1  3R  12 color amarilla/rojo para OT16...125F agregar Varilla 6mm ø Tipo pistol   ""Agregar varilla",38
OTM100F3CMA230V,OTM100F3CMA230V = 1SCA120071R1001 - Transferencia OTM mini Motorizada 3P 100A de seccionadores 0+0  voltaje del motor 110-220 Vac/dc Incluye Manija y Conectores peso 1.7 kg,15
OTM1000E3CM110V,OTM1000E3CM110V = 1SCA113653R1001 - Transferencia I-O-II Motorizada 1000A 3Polos voltaje del motor 110Vac/dc Incluye Manija y Conectores  agregar separadores de fases PB100  PB200 1SDA05497_R1,7
OTM1000E3CM230C,OTM1000E3CM230C = 1SCA112677R1001 - Transferencia I-O-II Motorizada 1000A 3Polos voltaje del motor 220V Incluye Manija y conectores  agregar separadores de fases PB100  PB200 1SDA05497_R1,3
OTM1250E3CM110V,OTM1250E3CM110V = 1SCA113652R1001 - Transferencia I-O-II Motorizada 1250A 3Polos voltaje del motor 110Vac/dc Incluye Manija y conectores  agregar separadores de fases PB100  PB200 1SDA05497_R1,3
OTM1250E3CM230C,OTM1250E3CM230C = 1SCA112676R1001 - Transferencia I-O-II Motorizada 1250A 3Polos voltaje del motor 220V Incluye Manija y conectores  agregar separadores de fases PB100  PB200 1SDA05497_R1,4
OTM160E3CM110V,OTM160E3CM110V = 1SCA022845R8530 - Transferencia I-O-II Motorizada 160A 3Polos voltaje del motor 110Vac/dc Incluye Manija y conectores  agregar separadores de fases PB100  PB200 1SDA05497_R1,11
OTM160E3CM230C,OTM160E3CM230C = 1SCA022845R8610 - Transferencia I-O-II Motorizada 160A 3Polos voltaje del motor 220V Incluye Manija y conectores  agregar separadores de fases PB100  PB200 1SDA05497_R1,2
OTM1600E3CM230C,OTM1600E3CM230C = 1SCA112678R1001 - Transferencia I-O-II Motorizada 1600A 3Polos voltaje del motor 220V Incluye Manija y conectores  agregar separadores de fases PB100  PB200 1SDA05497_R1,2
OTM2000E3CM110V,1SCA113683R1001,1
OTM250E3CM110V,OTM250E3CM110V = 1SCA022845R9180 - Transferencia I-O-II Motorizada 250A 3Polos voltaje del motor 110Vac/dc Incluye Manija y conectores  agregar separadores de fases PB100  PB200 1SDA05497_R1,8
OTM315E3CM230C,OTM315E3CM230C = 1SCA022847R1210 - Transferencia I-O-II Motorizada 315A 3Polos voltaje del motor 220V Incluye Manija y conectores  agregar separadores de fases PB100  PB200 1SDA05497_R1,4
OTM400E3CM230C,OTM400E3CM230C = 1SCA022847R1630 - Transferencia I-O-II Motorizada 400A 3Polos voltaje del motor 220V Incluye Manija y conectores  agregar separadores de fases PB100  PB200 1SDA05497_R1,10
OTM630E3CM110V,OTM630E3CM110V = 1SCA022873R1050 - Transferencia I-O-II Motorizada 630A 3Polos voltaje del motor 110Vac/dc Incluye Manija y conectores  agregar separadores de fases PB100  PB200 1SDA05497_R1,7
OTM800E3CM110V,OTM800E3CM110V = 1SCA022872R5750 - Transferencia I-O-II Motorizada 800A 3Polos voltaje del motor 110Vac/dc Incluye Manija y conectores  agregar separadores de fases PB100  PB200 1SDA05497_R1,7
OTM800E3CM230C,OTM800E3CM230C = 1SCA103570R1001 - Transferencia I-O-II Motorizada 800A 3Polos voltaje del motor 220V Incluye Manija y conectores  agregar separadores de fases PB100  PB200 1SDA05497_R1,12
OTP125BA3M,OTP125BA3M = 1SCA022812R7420 - 125 Amps  Seccionador en Gabinete Plástico OTP  IP65  3 polos  Manija Amarilla/Roja  (125A  AC-22A  690 Vac)  (50A  AC-23A  690 Vac),33
OTP45B3M,SECCIONADOR 45A GABINETE3P,10
OTS250G1L,OTS250G1L = 1SCA022715R5340 - Accesorios OS  OT: Cubrebornes,9
OTZC13,OTZC13 = 1SCA022767R6910 - Kit PUENTES no aislados ( barras) P/OTM tam 1 (160-250 A)  3 polos,34
OTZC43,OTZC43 = 1SCA022868R0710 - Kit PUENTES no aislados ( barras) P/OTM tam 4 (1000-1250 A)  3 polos,13
OTZC53,OTZC53 = 1SCA022868R0980 - Kit PUENTES no aislados ( barras) P/OTM tam 5 (1600 A)  3 polos,3
OT100FT3,OT100FT3 = 1SCA105023R1001 - Seccionador OT  100A  3Polos  Mtaje. Directo a puerta  no requiere varilla,7
OT100F3,OT100F3 = 1SCA105004R1001 - Seccionador OT  100A  3 polos  Mtaje. Riel din  agregar manija y varilla,31
OT100F3C,OT100F3C = 1SCA105008R1001 - Transferencia Manual OT  3P 100A tipo Seccionador  Doble Tiro  I-O-II  Transicion Abierta  agregar manija y varilla 6mm  Mtaje riel din,7
OT125FT3,OT125FT3 = 1SCA105060R1001 - Seccionador OT  125A  3Polos  Mtaje. Directo a puerta  no requiere varilla,7
OT125F3,OT125F3 = 1SCA105033R1001 - Seccionador OT  125A  3 polos  Mtaje. Riel din  agregar manija y varilla,20
OT125F3C,OT125F3C = 1SCA105037R1001 - Transferencia Manual OT  3P 125A tipo Seccionador  Doble Tiro  I-O-II  Transicion Abierta  agregar manija y varilla 6mm  Mtaje riel din,10
OT16FT3,OT16FT3 = 1SCA104838R1001 - Seccionador OT  16A  3Polos  Mtaje. Directo a puerta  no requiere varilla,4
OT16F3,OT16F3 = 1SCA104811R1001 - Seccionador OT  16A  3Polos  Mtaje. Riel din  agregar manija y varilla 6mm,41
OT160EV03P,OT160EV03P = 1SCA120514R1001 - Seccionador OT  160A  Incluye manija y varilla,1
OT200U03P,OT200U03P = 1SCA022709R9920 - Seccionador OT  200A  Incluye manija y varilla,10
OT25FT3,OT25FT3 = 1SCA104884R1001 - Seccionador OT  25A  3Polos  Mtaje. Directo a puerta  no requiere varilla,9
OT25F3,OT25F3 = 1SCA104857R1001 - Seccionador OT  25A  3Polos  Mtaje. Riel din  agregar manija y varilla 6mm,5
OT30F3,OT30F3 = 1SCA105068R1001 - Seccionador OT  30A  3Polos  Mtaje. Riel din  agregar manija y varilla 6mm,14
OT315E03P,OT315E03P = 1SCA022718R8510 - Seccionador OT  315A  Incluye manija y varilla,13
OT40FT3,OT40FT3 = 1SCA104940R1001 - Seccionador OT  40A  3Polos  Mtaje. Directo a puerta  no requiere varilla,5
OT40F3,OT40F3 = 1SCA104902R1001 - Seccionador OT  40A  3Polos  Mtaje. Riel din  agregar manija y varilla 6mm,28
OT40F3C,OT40F3C = 1SCA104913R1001 - Transferencia Manual OT  3P 40A tipo Seccionador  Doble Tiro  I-O-II  Transicion Abierta  agregar manija y varilla 6mm  Mtaje riel din,8
OT400U03P,OT400U03P = 1SCA022718R9670 - Seccionador OT  400A  Incluye manija y varilla,4
OT60F3,OT60F3 = 1SCA105076R1001 - Seccionador OT  60A  3Polos  Mtaje. Riel din  agregar manija y varilla 6mm,10
OT600U03P,OT600U03P = 1SCA022718R9830 - Seccionador OT  600A  Incluye manija y varilla,4
OT63FT3,OT63FT3 = 1SCA105382R1001 - Seccionador OT  63A  3Polos  Mtaje. Directo a puerta  no requiere varilla,13
OT63F3,OT63F3 = 1SCA105332R1001 - Seccionador OT  63A  3Polos  Mtaje. Riel din  agregar manija y varilla 6mm,3
OT63F3C,OT63F3C = 1SCA105338R1001 - Transferencia Manual OT  3P 63A tipo Seccionador  Doble Tiro  I-O-II  Transicion Abierta  agregar manija y varilla 6mm  Mtaje riel din,4
OT80FT3,OT80FT3 = 1SCA105431R1001 - Seccionador OT  80A  3Polos  Mtaje. Directo a puerta  no requiere varilla,13
OT80F3,OT80F3 = 1SCA105798R1001 - Seccionador OT  80A  3Polos  Mtaje. Riel din  agregar manija y varilla 6mm,9
OT80F3C,OT80F3C = 1SCA105402R1001 - Transferencia Manual OT  3P 80A tipo Seccionador  Doble Tiro  I-O-II  Transicion Abierta  agregar manija y varilla 6mm  Mtaje riel din,10
OU2006GBCB,LUM. WALK LIGHT LED 8W,4
OU6025FBCB,SOMBRAS LED 74W 3000K 127-220V GRAFITO,4
OV1MV5KVS-OVNI,LUMINARIO LED 45W 100-277 5000 K OVNI,11
OXP6X150,OXP6X150 = 1SCA022295R5600 - Varilla para Manija Tipo Pistol ø 6 x 150mm para OT16...125Fy OT16...125F3C,7
OXP6X210,OXP6X210 = 1SCA022295R6080 - Varilla para Manija Tipo Pistol ø 6 x 210mm para OT16...125Fy OT16...125F3C,8
OXP6X290,OXP6X290 = 1SCA022042R6370 - Varilla para Manija Tipo Pistol ø 6 x 290mm para OT16...125Fy OT16...125F3C,13
OXS6X180,OXS6X180 = 1SCA101659R1001 - Varilla para manija Tipo Selector ø 6 x 180mm  para OT16...125Fy OT16...125F3C,29
OXS6X330,OXS6X330 = 1SCA101661R1001 - Varilla para manija Tipo Selector ø 6 x 330mm  para OT16...125Fy OT16...125F3C,36
PAL3020,LD CTR MLO 200A 30/60 AL N1 GR PON UL,1
PANLED-L/45/40/S,PANEL LED 45 W 4000K 100-240V,40
PBBU0008,SOPORTES UNIV  8 UD,19
PBHB1125,SOPORTE AISLADOR 1X10X50MM  24UD,22
PBRL0002,N.2 SOPORTES PARA ELEVACIﾓN STR.ADOSADAS,15
PB0803,SOPORTE DE BARRAS LINEAL IN=800A - 35 KA,1
PB1250-384-MEX,Tablero con Interruptor principal de 1 250 A para derivados (20-XT1 ó 16-XT3 ó 16-T4 ó 12-T5).,9
PB400-108-MEX,Tablero con Interruptor principal de 400 A   para derivados (6-XT1 ó 4-XT3).,3
PB400-216-MEX,Tablero con Interruptor principal de 400 A  para derivados (12-XT1 u 8-XT3).,7
PB400-384-MEX,Tablero con Interruptor principal de 400 A para derivados (20-XT1 ó 16-XT3).,3
PB400-384-MX,,4
PB630-216-MEX,Tablero con Interruptor principal de 630 A  para derivados (12-XT1 ó 8-XT3).,8
PB630-384-MEX,Tablero con Interruptor principal de 630 A para derivados (20-XT1 ó 16-XT3 ó 16-T4 ó 12-T5).,5
PB800-216-MEX,Tablero con Interruptor principal de 800 A  para derivados (12-XT1 ó 8-XT3).,2
PB800-384-MEX,Tablero con Interruptor principal de 800 A para derivados (20-XT1 ó 16-XT3 ó 16-T4 ó 12-T5).,5
PCCM0700,TRAVESAﾑOS CHAPA ZINCADA P=700MM  2 UD.,12
PCFM0600,TRAVESAﾑOS CHAPA ZINCADA A=600MM  4 UD.,1
PCFM0800,TRAVESAﾑOS CHAPA ZINCADA A=800MM  4 UD.,4
PCFM0900,TRAVESAﾑOS CHAPA ZINCADA P=900MM  4 UD.,1
PCRM0338,TRAVERSAﾑOS CHAPA ZINCADA A=338MM  2UD,17
PCRM0438,TRAVERSAﾑOS CHAPA ZINCADA A=438MM  2UD,20
PCRM0888,TRAVERSAÑOS CHAPA ZINCADA A=888MM,20
PC0300,PLAINBOTTOMPLATEFORBOX,23
PC1001,L Puerta ciega 1000x600mm,1
PC1436,L Puerta ciega 1400x800mm,7
PC1600,PANEL CIEGO 100X600MM  M  K,15
PC1836,L Puerta ciega 1800x800mm,3
PC2600,PANEL CIEGO 200X600MM  M  K,8
PC3600,PANEL CIEGO 300X600MM  M  K,1
PDRS0600,GUIA DIN A=600MM,24
PEBL0004,1STQ008112A0000 = N.4 STEEL LIFTING EYEBOLTS M12,8
PFPF2060,BASTIDOR FIJO H=2000MM A=600MM,4
PF1003,L Platina 200x600mm,10
PHCE1240,1STQ008164A0000 = KIT E1.2 3-4P ESTR.-I.HORIZ. A=600MM,3
PHCT7420,KIT T7 3-4P F(MOT-MD) HORIZ. A=600MM,4
PHFP0020,KIT 20 BISAGRAS PARA PANEL FRONTAL,13
PKST0600,1STQ001910B0000 = N.2 KIT TECHO IP31/41 COLUM. IZQ.L=600,1
PLT13P-MX,PB Conector 3P XT1,51
PLT33P-MX,PB Conector 3P XT3,59
PLT43PT-MX,PB CONECTOR 3P T4,9
PLT53PT-MX,PB Conector 3P T5,34
PL-4910.N27,LUMINARIO MAZE SOBRE PONER,1
PM2624,PANEL 24 MﾓDULOS 200X600MM  M  K,12
PM3624,PANEL 24 MﾓDULOS 300X600MM M K,3
POLIFLEX1/2,"POLIFLEX NARANJA 1/2""",100
PO1431,L Contrapuerta 1800x300mm,2
PPAM0100,ESQUINAS Z?CALO DE CHAPA ZINC.H=100 4 UD,4
PPEB2086,IP65 PANEL H=2000MM A=800MM,2
PPEB2096,IP65 PANEL H=2000MM P=900MM,12
PPFB2080,PANEL CIEGO H=200MM A=800MM,2
PPFB3060,1STQ007482A0000 = PANEL CIEGO H=300MM A=600MM,3
PPFB4060,PANEL CIEGO H=400MM A=600MM,5
PPFB5006,1STQ007484A0000 = PANEL CIEGO H=500MM A=600MM,5
PPFM1060,TAPAS ZﾓCALO FRONT. H=100 A=600MM  2 UD.,1
PPFM1070,TAPAS ZﾓCALO LAT. H=100 P=700MM  2 UD.,4
PPFM1080,TAPAS ZﾓCALO FRONT. H=100 A=800MM  2 UD.,4
PPFM1090,TAPAS ZﾓCALO LAT. H=100 P=900MM  2 UD.,1
PPMB4060,PLACA DE MONTAJE H=400MM A=600MM,4
PPMF2060,PANEL 24 MﾓDULOS DIN H=200MM A=600MM,24
PRCG-ES 15/2N,BASE P/RELEVADOR,10
PRCG-ES15/3N,BASE SOQUET P/RELEVADOR,10
PRCZ11,BASE P/RELEVADOR 11 PIN P/RIEL,38
PRCZ8,BASE P/RELEVADOR 8 PIN P/RIEL,30
PRC2P20ADL,RELEVADOR,10
PRC2P20AJL,RELEVADOR,48
PRC2P20AN,RELEVADOR,2
PRC2P20ANL,RELEVADOR,10
PRC2P20CD,RELEVADOR SPIN 2 CONTACTOS,25
PRC2P20CDL,RELEVADOR SPIN 2 CONTACTOS,21
PRC3P30ADL,RELEVADOR,7
PRC3P30AJL,RELEVADOR,9
PRC3P30AN,RELEVADOR,23
PRC3P30ANL,RELEVADOR,10
PRC3P30CDL,RELEVADOR 3 CONTACTOS,4
PRC3P30CJ,RELEVADOR,4
PRC4M20AJL,RELEVADOR 2 CONTACTOS,16
PRC4M20CDL,RELEVADOR 2 CONTATOS,20
PRC4M30AJL,RELEVADOR MINIATURA,20
PRC4M30CDL,RELEVADOR MINIATURA,29
PRC4M40AJL,RELEVADOR MINIATURA,20
PRC4M40CDL,RELEVADOR MINIATURA,29
PTLLED-209/24W/3,PRAIA*LUM SPOT SOBR LED 24W 30K,1
PTL-1940/N,LUMINARIO PARA S/PONER EN TECHO,1
PTRA0045,PTRA0045 Main Distribution Board,24
PUKI2000,PERFILES CHAPA ZINCADA H=2000MM,13
PVCE2450,1STQ008187A0000 = KIT E2.2 3-4P E-I. VERT. A=600MM,2
PVDE2440,KIT E2.2 E4.2 3-4P ENCH-I. VERT. A=800MM,1
PV0800,L Puerta vidrio 800x600mm,2
PV1200,L Puerta vidrio 1200x600mm,2
PV1400,L Puerta vidrio 1400x600mm,2
PV1436,L Puerta vidrio 1400x800mm,5
PV1600,L Puerta vidrio 1600x600mm,1
PV1824,GLASSDOORFORSTR.1800X800MM24MOD(HXW),1
PV1836,L Puerta vidrio 1800x800mm,2
PV2000,L Puerta vidrio 2000x600mm,2
P202133-05,FOCO LED 50W 6500K TOLEDO E26 120-240V,6
P9ACDPP,CONVERT.PUSH-ON/PUSH-OFF,7
P9ACFS5,BLOCK PARA 5 CONTACTOS,1
P9ACWAF,LLAVE FIJACION TUERCA,1
P9ARCST,PROTECTOR PLASTICO P/PULS EXTENDIDO,19
P9ARGLDR,CAPUCHON P/PILOTO ROJA,33
P9B02VN,BLOCK DE CONTACTO 2NC,63
P9B10BN,BLOCK DE CONTACTO NC,44
P9B10VN,CONTACTOR ABIERTO,113
P9B11VN,BLOCK DE CONTACTOS 1NA+1NC,36
P9B20VN,BLOCK DE CONTACTOS 2NA,30
P9DPLVRG01,BOTON DOBLE ARRANQUE Y PARO C/PLACA LEYE,40
P9EPE,Caja pulsadores 6 elementos,16
P9EPE01,GABINETE 1ORIFICIO 22MM,2
P9MEM4NN,BOTON HONGO NEGRO ACTURADOR DE 40MM,6
P9MEM4RN,BOTON HONGO ROJO ACTUADOR DE 40MM,5
P9MER4RN,BOTON HONGO ROJO GIRAR P/LIBERAR,6
P9MET4RL1,BOTON HONGO JALAR LIBERAR,14
P9MLGD,LAMPARA METALICA REDONDA,31
P9MLLD,LAMPARA METALICA REDONDA AZUL,43
P9MLRD,LAMPARA METALICA REDONDA ROJA,40
P9MLVD,LAMPARA METALICA REDONDA,17
P9MMN2F,MANIPULADOR 2POSIC. RETORNO MANUAL,1
P9MPLBGD,BOTON PULSADOR RASANTE BLANCO ILUMINADO,4
P9MPLGGD,BOTON METALICO RASANTE ILUM.AMARILLO,2
P9MPLGSD,BOTON PUL.MET.EXT.ILUM.AMARILLO,43
P9MPLLGD,BOTON METALICO RASANTE ILUM. AZUL,34
P9MPLLSD,BOTON METALICO EXTENDIDO ILUM. AZUL,42
P9MPLRGD,BOTON PUL.MET.RAS.ILUM.ROJO,36
P9MPLVGD,BOTON PUL.MET.RAS.ILUM.VERDE,1
P9MPLVSD,BOTON PUL.MET.EXT.ILUM.VERDE,3
P9MPNBG,BOTON METALICO RASANTE ILUM. BLANCO,4
P9MPNGE,BOTON METALICO HUNDIDO AMARILLO,20
P9MPNGG,BOTON PUL.MET.RAS.ILUM.AMARILLO,46
P9MPNGS,BOTON METALICO EXTENDIDO AMARILLO,47
P9MPNLG,BOTON PUL.MET.RAS.ILUM.AZUL,48
P9MPNLS,BOTON PUL.MET.RAS.ILUM.SATINADO,49
P9MPNNG,BOTON PUL.MET.RAS.ILUM.NEGRO,44
P9MPNNS,BOTON METALICO EXTENDIDO NEGRO,48
P9MPNRG,BOTON METALICO RASANTE ROJO,24
P9MPNVG,BOTON PUL.MET.RAS.ILUM.VERDE,11
P9MSCZ3C,BOTON PULSADOR,25
P9MSC20T,BOTON PULSADOR AZUL,30
P9MSMDO,SWITCH SELECTOR  2 POSICIONES,2
P9MSMD0N,Selector switches 2 Posiciones,6
P9MSMZ0N,Selector switches,48
P9MSMZ3N,SWITCH SELECTOR 3 POSICIONES,13
P9MSVD0N,Selector switches,69
P9MSVZ0N,184379 SELECTOR 3 POS.METALICO MANETA LA,3
P9MSVZ3N,SWITCH SELECTOR 3 POSICIONES,11
P9PDNV0,PORTALAMPARA,13
P9PLNVDB,BASE P/LAMPARA PILOTO LED 24V,3
P9PLNVJB,MODULO LAMPARA 120VAC LED AMARILLO,13
P9PLNVJR,MODULO LAMPARA 120VAC LED ROJO,13
P9PTNVJ,BLCK CON LAMPARA,30
P9PTNVN,BASE DE ALIMENTACION TIPO TRANSF. 220VCA,26
P9SPNNS,BOTON CUADRADO EXTENDIDO NEGRO,1
P9SPNRG,BOTON CUADRADO RASANTE ROJO,5
P9XEM4RN,P/BUTT MUSHROOM 40MM RED,10
P9XER4RAN,EMERGENCY STOP PUSH-TWIST,10
P9XLRD,LAMPARA PILOTO ROJA 120V PLASTICA,24
P9XLVD,LAMPARA PILOTO VERDE 120V PLALSTICA,26
P9XMN4T,PALANCA DE MANDO 4 POS.,3
P9XPNNG,P/BUTT FLUSH BLACK,10
P9XPNRG,STD PB;RD PLASTIC;FLUSH;RED,10
P9XPNRS,STD PB;RD PLASTIC;EXTENDED,10
P9XSMDON,SWITCH SELECTOR,194
P9XURDD0,LAMPARA PILOTO 22M,10
QLU2,CENTRO DE CARGA 1F 3H 2P 120/240VCA,5
QL4F,CENTRO DE CARGA 3H 4F 240V 70A,12
QO115,INTERR. TERMICO 1P 15 AMP,3
QO120,INTERRUPTOR TERMICO 1 POLO 20,37
QO130,INTERRUPTOR 30A 1 P,50
QO220,INTERR. TERMICO 2P 20 AMP SQD,6
QO230,INTERRUPTOR TERM. 2 X 30 AMP,10
QO260,INTERR. TERMICO 2P 60 AMP SQD,4
QO270,INTERR. TERMICO 2P 70 AMP SQD,16
QO3100,INTERR. TERMOMAGNETICO 3P 100,5
QO330,INTER TERMOMAGNETICO 3X30 QO SQD,5
QO340,INT TERM QO 3P 40A SQD,2
QO350,INTERR. TERMOMAGNETICO 3P 50 AMP SQD,3
QO360,INT TERM 3P 60 AMP QO SQD,6
QO370,INT TERM QO 3P 70A SQD,3
QR22B200MX,INTERRUPTOR QR 3P 200A 240V 10KA,2
RA5852905,KIT ASS.TERM.ANT.XT2 III,1
RA5852906,KIT ASS.TERM.ANT. XTE III,1
RA5873927,KIT SEP. FASE III 25MM UL,2
RA6708801,#N/D,1
RCR-PET,DET.DUAL PIR RADAR 3 A 11 MTS.,65
REGLED15WTLED300,REGLEDTA TIPO LED BLANCO CALIDO,1
RE1056BBCB,LUM EMPOTRAR CAMPANA 13W127-220V,1
RE1093BBNB,LITE PAD CUAD LED 25W 4000K 127-220V,15
RL4A040T3,CONTACTO AUXILIAR 4NA+1NC 110V,2
RL4RA031TJ,CONTACTO AUXILIAR 3NA+1NC 110V,2
RL4RA031T3,CONTACTOR AUXILIAR 3NA+1NA 110V,20
RL4RA040T3,CONTACTOR AUXILIAR,30
RL4RD022TD,CONTACTOR AUXILIAR 24VCD 2NA+2NC,8
RL4RD031TD,CONTACTOR AUXILIAR 24VCD 3NA+1NA,8
RL4RD040TD,CONTACTOR AUXILIAR 24VCD 4NA,13
RSFRH100.0BLACK,"Termofit negro 100mm( 4"")",20
RT1D,RELEVADOR 0.4-.65A,10
RT1F,RELEVADOR .65-1.1A,7
RT1G,RELEVADOR 1-1.5A,24
RT1H,RELEVADOR 1.3-1.9A,37
RT1J,RELEVADOR DE S/CARGA 1.8-2.7A,11
RT1K,RELEVADOR DE S/CARGA,22
RT1L,RELEVADOR TERMICO,16
RT1M,RELAY DE SOBRECARGA 5.5 - 8.5,1
RT1N,RELEVADOR 8-12A,2
RT1S,RELEVADOR 14.5-18A,19
RT1T,RELEVADOR DE SOBRE CARGA,13
RT1U,RELEVADOR 21-26A,1
RT1V,RELEVADOR 25-32A,13
RT1W,RELEVADOR 30-40A,3
RT2C,RELEVADOR 18.5-25A,5
RT2D,RELEVADOR 24-32A,7
RT2E,RELEVADOR TERMICO P/CONTACTOR,8
RT2G,RELEVADOR TERMICO P/CONTACTOR,3
RT2H,RELEVADOR 54-65A,9
RT2M,RELEVADOR 90-110V,7
RT2XP,BASE DE MONTAJE  P/RT2,5
RT3D,RELEVADOR 90-120A,6
RT3E,RELEVADOR 110-140A,3
RT4P,RELEVADOR 175-280A,6
R3240080,SK CUBIERTA CONTRA AGUA PRESION P/SK3240,2
SABAP1,SWITCH DE ALARMA,1
SAST1,Bobina de disparo Remoto 120v Spectra,2
SAST2,Bobina de disparo Remoto 240v Spectra,1
SAST3,Bobina de disparo Remoto 24v Spectra,1
SAUV1,Bobina contra bajo voltaje 120v Spectra,1
SAUV2,UNERVOLTAGE RELEASE 240V,1
SAUV3,Bobina contra bajo voltaje 24v Spectra,3
SAUXPAB1,Contacto Auxiliar 240v Spectra,2
SBAC1G,KIT DE CONVERSION DE SB A AC,6
SBAC4G,KIT CONVERTIDOR P-PLUG IN DE SB,6
SBE-606030,Gabinetes Metalicos 60x60x30,1
SBN11,BARRA NEUTRO 11 TERMINALES,50
SBN6,BASE NEUTRA 06 TERMINALES,50
SBSL1G,Convertidor Plug in SB a SL 30-100Amp,1
SBT11,BARRA TIERRA 11 TERMINALES,49
SBT6,BARRA TIERRA 6 TERMINALES,47
SB324RG,PLUG IN 200A 3F3F 220V,3
SB34SELG,PLUG IN CON INT SEL DE 60A REG.A 40A,1
SB365RGRH7769,PLUG IN 3F 3H 400A 600V FUSIBLE TIPO R,1
SB366RG,PLUG IN 3F 3H 600A 600V,2
SB43SEDG,BUS PLUG SPECTRA DE 30 AMP,1
SB461RG,PLUG  IN  30A MP.3F-4H 600V,8
SB464RG,Plug in Spectra 200A 3F-4H 600V,1
SCM12TBR,CAJ DE EMP PARA DIST PUERTA TRANS/H 12 M,40
SDCTBA11,Block de Terminales MVT y MEG,1
SDD61C04,INTERRUPTOR TERMOMAGNETICO 1P 4A 3kA,139
SDD61C16,INTERRUPTOR TERMOMAGNETICO 1P 16A 3 kA,267
SDD61C20,INTERRUPTOR TERMOMAGNETICO 1P 20A 3kA,545
SDD62C02,INTERRUPTOR TERMOMAGNETICO 2P 2A 3kA,106
SDD62C04,INTERRUPTOR TERMOMAGNETICO 2P 4 A 3kA,140
SDD63C02,INTERRUPTOR TERMOMAGNETICO 3P 2A 3kA,98
SDD63C04,INTERRUPTOR TERMOMAGNETICO 3P 4 Amp. 3kA,23
SDJS80,INTERRUPTOR ITG 80 AMP MARCA STECK,18
SDN61R15,Int. Term. Enchufable 1’’ 1x15A 120v,383
SDN61R20,Int. Term. Enchufable 1’’ 1x20A 120v,1
SDN61R30,Int. Term. Enchufable 1’’ 1x30A 120v,12
SDN61R40,Int. Term. Enchufable 1’’ 1x40A 120v,27
SDN61R50,Int. Term. Enchufable 1’’ 1x50A 120v,29
SDN61R60,Int. Term. Enchufable 1’’ 1x60A 120v,26
SDN62R15,Int. Term. Enchufable 1’’ 2x15A 120v,1
SDN62R20,Int. Term. Enchufable 1’’ 2x20A 120v,3
SDN62R30,Int. Term. Enchufable 1’’ 2x30A 120v,7
SDN62R40,Int. Term. Enchufable 1’’ 2x40A 120v,11
SDN62R50,Int. Term. Enchufable 1’’ 2x50A 120v,15
SDN62R60,Int. Term. Enchufable 1’’ 2x60A 120v,7
SDN63R15,Int. Term. Enchufable 1’’ 3x15A 120v,8
SDN63R20,Int. Term. Enchufable 1’’ 3x20A 120v,9
SDN63R30,Int. Term. Enchufable 1’’ 3x30A 120v,7
SDN63R40,Int. Term. Enchufable 1’’ 3x40A 120v,6
SDN63R50,Int. Term. Enchufable 1’’ 3x50A 120v,7
SDN63R60,Int. Term. Enchufable 1’’ 3x60A 120v,8
SDQ61C10,"Int. Term  enchufable de 1 p 10 amp 3/4""",102
SDQ61C20,"Int. Term enchufable de 1p 20 amp 3/4""",36549
SDQ61C30,"Int. Term enchufable de 1 p 30 amp 3/4""",10640
SDQ61C40,"Int. Term enchufable de 1 p 40 amp 3/4""",527
SDQ61C50,"Int. Term  enchufable de 1 p 50 amp 3/4""",264
SDQ61C60,"Int. Term enchufable de 1 p 60 amp 3/4""",192
SDQ62C10,"Int. Term enchufable de 2 p 10 amp 3/4""",152
SDQ62C20,"Int. Term enchufable de 2 p 20 amp 3/4""",4307
SDQ62C30,"Int. Term enchufable de 2 p 30 amp 3/4""",4299
SDQ62C40,"Int. Term  enchufable de 2 p 40 amp 3/4""",421
SDQ62C50,Int. Term. enchufable de 2 p 50 amp 3/4,208
SDQ62C60,Int. Term.  enchufable de 2 p 60 amp 3/4,93
SDQ63C10,Int. Term. enchufable de 3 p 10 amp 3/4,5
SDQ63C20,Int. Term enchufable de 3 p 20amp 3/4,150
SDQ63C30,Int. Term enchufable de 3p 30amp 3/4,233
SDQ63C40,Int. Term enchufable  3 p 40amp 3/4,167
SDQ63C50,Int. Term enchufable de 3P 50amp 3/4,45
SDQ63C60,Int. Term enchufable de 3 p 60amp 3/4,46
SDZD61C02,INTERRUPTOR 1 POLO 2A  6KA,500
SDZD61C04,DISJ SERIE DDZ61 04A 1P CURVA C 6KA,500
SDZD61C06,INT. TERMOMAGNETICO RIEL DIN 1P 6kA 6A,288
SDZD61C10,INT. TERMOMAGNETICO RIEL DIN 1P 10 Amp 6,499
SDZD61C16,INT. TERMOMAGNETICO RIEL DIN 1P 6kA 16A,490
SDZD61C20,INT. TERMOMAGNETICO RIEL DIN 1P 6kA 20A,488
SDZD61C32,MINI INTERRUPTOR TERMO 1X32A 6KA,170
SDZD62C04,INTERRUPTOR TERMOMAGNETICO 2P 4A 6kA,130
SDZD62C06,INTERRUPTOR TERMOMAGNETICO 2P 6A 6kA,146
SDZD63C04,INTERRUPTOR TERMOMAGNETICO 3P 4A 6KA,50
SDZD63C06,INTERRUPTOR TERMOMAGNETICO 3P 6A 6KA,89
SDZD63C10,INTERRUPTOR TERMOMAGNETICO 3P 10A 6KA,98
SEC60947-7-1,SEC60947-7-1,22
SEDA36AT0030,SEDA36AT0030 INT.TERM.SPECTRA 3X30 AMP.600V,45
SEDA36AT0060,SEDA36AT0060 Int. Term. Spectra 3x60Amp 18Ka,30
SEDA36AT0100,SEDA36AT0100 INT.SPECTRA 3X100AMP.18KA,43
SED36030WL,INT.TERM.SPECTRA 3X30 A 600V ARMADO,1
SED36070WL,INT.TERM.SPECTRA 3X70A 600V ARMADO,1
SEFHM1,PALANCA P/INT.SFH SFL,2
SEFHM2,MANIJA DE OPREACION P/SEH SFH,1
SEFOM1,MANIJAS DE OPERACION DE MONTAJE,4
SEHA24AT0100,MARCO SPECTRA,1
SEHA36AT0030,SEHA36AT0030 Int. Term. Spectra 3x30Amp 25Ka,7
SEHA36AT0060,SEHA36AT0060 Int. Term. Spectra 3x60Amp 25Ka,1
SEHA36AT0100,SEHA36AT0100 Int. Term. Spectra 3x100Amp 25Ka,6
SELAMCLQQGCXXXX5,ENCLOSED SPECTRA SE BREAKER,1
SELA36AI0100,SELA36AI0100 Int. Mag. Spectra 3x100Amp 65Ka,2
SELA36AI0150,SELA36AI0150 Int. Mag. Spectra 3x150Amp 65Ka,1
SELA36AT0030,SELA36AT0030 MARCO P/INT.SPECTRA 30AMP.600V 65KA,1
SELA36AT0060,SELA36AT0060 MARCO P/INT.SPECTRA 60AMP.600V 65KA,18
SELA36AT0100,SELA36AT0100 MARCO P/INT.SPECTRA 100AMP. 600V 65KA,1
SELA36AT0150,MARCO P/INT.SPECTRA 150AMP.600V 65KA,1
SEMSK1,KIT DE TORNILLOS SE150 MTG 10-32 ROSCADOS,1
SEPA36AT0030,SEPA36AT0030 Int. Term. Spectra 3x30Amp 100Ka,4
SEPA36AT0100,SEPA36AT0100 Int. Term. Spectra 3x100Amp 100Ka,2
SEPA36AT0150,MARCO P/INT.3P 150A 600V,2
SE100J,SE100J Gabinete Nema 12 para Marco Spectra,1
SFAL11N,CONTACTO AUX 1NA+1NC,47
SFAL20N,CONTACTOS AUX 2NA,8
SFDA36AN0250,SFDA36AN0250 Switch Desconectador 3x250A,1
SFHATCYCCHCXXXX4,CIRCUIT BREAKER  SPECTRA ENCLOSED,2
SFHA36AT0250,SFHA36AT0250 MARCO P/INT.SPACTRA 250A 600V,26
SFKOM,Arrancador Manual para Motor 20-25Amp,7
SFK0D,GUARDAMOTOR .04-0.63A,5
SFK0H,GUARDAMOTOR 2.5-4A,9
SFK0I,GUARDAMOTOR 4-6.3A,2
SFLA36AT0250,SFLA36AT0250 Int. Term. Spectra 3x250Amp 65Ka,1
SFPA36AT0250,MARCO P/INT.3P 250A 600V 100KA,1
SFS04,GABINETE IP55 P/GUARD. SFK BOTON,5
SF250S,SF250S Gabinete Nema 1 Sobreponer para SF,12
SGHA36AT0400,SGHA36AT0400 Int. Term. Spectra 3x400Amp 35Ka,16
SGHB36BA0400,SGHB36BA0400 Int. Term. MVT 3x400Amp 35Ka 480Vac,1
SGHB36BC0400,INT. SPECTRA,1
SGHB36BD0400,INT. TERMOMAGNETICO SPECTRA 400A 600V,1
SGHC3606L3XX,SGHC3606L3XX MARCO P/INT.SPECTRA 3P 600A 600V,1
SGHH36BA0600,SGHH36BA0600 Int. Term. MVT 3x600Amp 35Ka 480Vac,2
SGHM1,PALANCA P/INT.SGH SGL,1
SGLA36AT0400,SGLA36AT0400 Int. Term. Spectra 3x400Amp 65Ka,5
SGLA36AT0600,SGLA36AT0600 Int. Term. Spectra 3x600Amp 65Ka,4
SG400R,Gabinete Nema 3R Exterior Marco SG,3
SG400S,Gabinete Nema 1 Sobreponer Marco SG,3
SG600F,GABINETE P/INT.SG DE 600A,2
SG600R,Gabinete Nema 3R Exterior Marco SG,1
SG600S,Gabinete Nema 1 Sobreponer Marco SG,1
SH630-MX,PB Cubierta bus barras,67
SKHA36AT0800,MARCO P/INT.SPECTRA 3P 800A 600V,19
SKHA36AT1200,MARCO P/INT.SPECTRA 3P 1200A,23
SKHB36BC1200,Int. Term. MVT 3x1200Amp 50Ka 480V,2
SKHC3608L4XX,SKHC3608L4XX Int. Term. MEG 3x800Amp 50Ka 480V,1
SKHC3612L4XX,MARCO P/INT.3P 1200A 600V,1
SKHH3608L4XX,3P 600V  1200AMP LSIG,2
SKLA36AT0800,MARCO P/INT.SPECTRA  3P 800A,1
SKLA36AT1200,MARCO P/INT.SPECTRA 3P 1200A,2
SKLC3612L3XX,MARCO P/INT.3P 1200A 600V,1
SKLL3608L3XX,MARCO PARA INT.SPECTRA,1
SKPB36CA0800,SKPB36CA0800,1
SKRDRCK,SKRDRCK Manija Horizontal SK1200 para puerta,7
SKR1H,SKR1H Manija Horizontal SK1200,1
SK0M1,SK0M1,2
SK615546-6,LEGEND PLATE,121
SK615562-88,ACCESORIES LEGEND PLATE,20
SLDS1101,LAMPARA TIPO LED 110V CA ROJO,968
SLDS1102,LAMPARA TIPO LED 110V CA VERDE,933
SLDS1103,LAMPARA TIPO LED 110 V CA AMARILLO,974
SLDS1104,LAMPARA TIPO LED 110 V CA AZUL,486
SLDS2201,LAMPARA TIPO LED 220V CA ROJO,661
SLDS2202,LAMPARA TIPO LED 220 V CA VERDE,666
SLDS2203,LAMPARA TIPO LED 220 VCA AMARILLO,697
SLDS241,LAMPARA TIPO LED 24 V CA/CD ROJO,418
SLDS242,LAMPARA TIPO LED 24 V CA/CD VERDE,388
SLDS243,LAMPARA TIPO LED 24 V CA/CD AMARILLO,499
slG400-VIAKON,CABLE COBRE C2 THW-2LS PARA 600V NEGRO,200
slG401-VIAKON,CABLE COBRE C4 THW-2-LS PARA 600V NEGRO,200
slG409-VIAKON,CABLE COBRE C1/0 THW-2-LS PAR 600V NEGRO,98
S-LPL41,Bloque de contacto Steck S-LPL41,15
S-LPL42,Bloque de contacto Steck S-LPL42,15
SL-SMT64,FOCO VINTAGE LED PERA 4 WATTS,22
slX548-VIAKON,CABLE COBRE C18 THW-2-LS PAR 600V BLANCO,210
slX556-VIAKON,CABLE COBRE C16 THW-2-LS PAR 600V BLANCO,500
slX563-VIAKON,CABLE COBRE C14 THW-2-LS PARA 600V NEGRO,500
slX566-VIAKON,CABLE COBRE C14 THW-2-LS PARA 600V VERDE,500
slX583-VIAKON,CABLE COBRE C10 THW-2-LS PARA 600V NEGRO,275
slX586-VIAKON,CABLE COBRE C10 THW-2-LS PARA 600V VERDE,300
slX593-VIAKON,CABLE COBRE C8 THW-2-LS PARA 600V NEGRO,300
slX593-VIAKON 6,CABLE COBRE THW-2-LS C6 PARA 600V NEGRO,285
slYY93-VIAKON,CABLE COBRE C12 THW-2-LS PARA 600V NEGRO,400
slYY94-VIAKON,CABLE COBRE C12 THW-2-LS PARA 600V ROJO,400
SLY297,CABLE THW LS / THHW-LS 8 BLANCO indiana,800
SLY304,CABLE THW LS / THHW-LS 10 NEGRO,1700
SLY305,CABLE THW LS / THHW-LS 10 BLANCO indiana,1200
SLY306,CABLE THW LS / THHW-LS 10 ROJO indiana,300
SLY307,CABLE THW LS / THHW-LS 10 VERDE indiana,1900
SLY308,CABLE THW LS / THHW-LS 12 NEGRO,100
SLY309,CABLE THW LS / THHW-LS 12 BLANCO indiana,100
SLY311,CABLE THW LS / THHW-LS 12 VERDE,1500
SLY312,CABLE THW LS / THHW-LS 14 NEGRO INDIANA,1300
SLY313,CABLE THW LS / THHW-LS 14 BLANCO INDIANA,800
SLY315,CABLE THW LS / THHW-LS 14 VERDE indiana,1300
SL0800,BOTTOMSTRUCTURE800X600X165MM(HXWXD),2
SL1000,L Estructura 1000x600 mm,1
SL1200,L Estructura 1200x600 mm,3
SL1408,BOTTOMSTRUCTURE1400X800X195MM(HXWXD),5
SL2000,L Estructura 2000x600 mm,2
SL2008,BOTTOMSTRUCTURE2000X800X195MM(HXWXD),10
SL321RG,PLUG IN 3F 3H 30A 240V,1
SL462RG,Plug in Low Amp 60A 3F-4H Sin fusibles,1
SOBRETAPA 19,SOBRETAPA 19 M,130
SPECTRA1200A,TABLERO SPECTRA RELIAGEAR neXT 1200A,1
SPECTRA400A,TABLERO SPECTRA 400A neXT,2
SPECTRA600A,TABLERO SPECTRA 600A neXT,2
SPECTRA800A,TABLERO SPECTRA 800A neXT,2
SPST120R,Shunt Trip P Break 120/125VCA/DC 1 5A 8,1
SPUV240AC,UNDER VOLTAGE RELEA GE 240V,3
SPUV480ACR,UNIDAD UNDERVOLTAGE 480V,1
SRN10630K,SRP/CIEGA 1000X600X300,5
SRN10830K,SRP/CIEGA 1000X800X300,2
SRN12830K,Enclosure with blind door + 1200X800X300,32
SRN3215K,SRP/CIEGA 300 X200X150,33
SRN3315K,SRP/CIEGA 300 X300X150,2
SRN3415K,SRP/CIEGA 300 X400X150,3
SRN4315067392K,Gabinete SRN4315K + Tmax XT1C 32A 3 Polos con Terminales p/cable (1x70 mm2).,2
SRN4315067393K,Gabinete SRN4315K + Tmax XT1C 40A 3 Polos con Terminales p/cable (1x70 mm2).,6
SRN4315067394K,Gabinete SRN4315K + Tmax XT1C 50A 3 Polos con Terminales p/cable (1x70 mm2).,2
SRN4315067395K,Gabinete SRN4315K + Tmax XT1C 63A 3p con Terminales p/cable (1x70 mm2).,5
SRN4315067396K,Gabinete SRN4315K + Tmax XT1C 80A 3 Polos con Terminales p/cable (1x70 mm2).,8
SRN4315067397K,Gabinete SRN4315K + Tmax XT1C 100A 3p con Terminales p/cable (1x70 mm2).,5
SRN4315067417K,Gabinete SRN4315K + Tmax XT1N 125A 3 Polos con Terminales p/cable (1x70 mm2).,11
SRN4315067418K,Gabinete SRN4315K + Tmax XT1N 160A 3p con Terminales p/cable (1x70 mm2).,2
SRN4315068058K,Gabiente SRN4315K + Tmax XT3N 200A 3 Polos con Terminales p/cable (1x70 mm2).,8
SRN4315068059K,Gabinete SRN4315K + Tmax XT3N 250A 3p con Terminales p/cable (1x240 mm2).,12
SRN4320K,SRP/CIEGA 400 X300X200,2
SRN4420K,SRP/CIEGA 400 X400X200,16
SRN4620K,SRP/CIEGA 400 X600X200,8
SRN5320054396K,SR4320+T5N630R630 PR221,6
SRN5320054437K,SR4320+T5N400R400 2000-4000,1
SRN5420K,SRP/CIEGA 500 X400X200,5
SRN5425K,SRP/CIEGA 500 X400X250,26
SRN6420K,SRP/ciega 600x400x200,9
SRN6425K,SRP/ciega 600x400x250,9
SRN6625K,SRP/ciega 600x600x250,14
SRN7520K,SRP/ciega 700x500x200,5
SRN7525K,SRP/ciega 700x500x250,24
SRN7525062738K,SR7525+T7S1000PR231,2
SRN8625K,SRP/ciega 800x600x250,11
SRN8630K,SRP/ciega 800x600x300,2
SRN8630X,ENCLOS.BL.DOOR.PLATE S.STEEL 800X600X300,5
SRN8830K,BLIND DOOR ENCLOSURE 800X800X300,8
SRPE100A100,SRPE100A100 Rating Plug de 100 a 100Amps,2
SRPE100A70,Rating Plug de 100 a 70Amps,14
SRPE100A80,SRPE100A80 Rating Plug de 100 a 80Amps,22
SRPE100A90,SRPE100A90 Rating Plug de 100 a 90Amps,4
SRPE150A125,SRPE150A125 Rating Plug de 150 a 125Amps,23
SRPE150A150,SRPE150A150 Rating Plug de 150 a 150Amps,6
SRPE30A15,SRPE30A15 Rating Plug de 30 a 15Amps,32
SRPE30A20,SRPE30A20 Rating Plug de 30 a 20Amps,35
SRPE30A25,SRPE30A25 Rating Plug de 30 a 25Amps,10
SRPE30A30,SRPE30A30 Rating Plug de 30 a 30Amps,38
SRPE60A40,SRPE60A40 Rating Plug de 60 a 40Amps,8
SRPE60A50,SRPE60A50 Rating Plug de 60 a 50Amps,40
SRPE60A60,Rating Plug de 60 a 60Amps,7
SRPF250A100,SRPF250A100 Rating Plug de 250 a 100Amps,12
SRPF250A110,SRPF250A110 Rating Plug de 250 a 110Amps,4
SRPF250A125,SRPF250A125 Rating Plug de 250 a 125Amps,41
SRPF250A150,SRPF250A150 Rating Plug de 250 a 150Amps,46
SRPF250A175,SRPF250A175 Rating Plug de 250 a 175Amps,93
SRPF250A200,SRPF250A200 Rating Plug de 250 a 200Amps,42
SRPF250A225,SRPF250A225 Rating Plug de 250 a 225 Amps,117
SRPF250A250,SRPF250A250 Rating Plug de 250 a 250Amps,17
SRPF250A70,SRPF250A70 Rating Plug de 250 a 70Amps,6
SRPF250A80,Rating Plug de 250 a 80Amps,3
SRPF250A90,SRPF250A90 Rating Plug de 250 a 90Amps,4
SRPG400A125,SRPG400A125 Rating Plug de 400 a 125Amps,21
SRPG400A150,SRPG400A150 Rating Plug de 400 a 150Amps,13
SRPG400A175,SRPG400A175 Rating Plug de 400 a 175Amps,3
SRPG400A200,SRPG400A200 Rating Plug de 400 a 200Amps,18
SRPG400A225,Rating Plug de 400 a 225Amps,18
SRPG400A250,SRPG400A250 Rating Plug de 400 a 250Amps,8
SRPG400A300,SRPG400A300 Rating Plug de 400 a 300Amps,24
SRPG400A350,SRPG400A350 Rating Plug de 400 a 350Amps,3
SRPG400A400,SRPG400A400 Rating Plug de 400 a 400Amps,27
SRPG400B150,RATING PLUG,1
SRPG400B200,RATING PLUG DE 400B200,7
SRPG400B250,RATING PLUG 250A,7
SRPG400B300,RATING PLUG,7
SRPG400B400,RATING PLIUG 400B400,1
SRPG600A250,RATING PLUG DE 600A250,14
SRPG600A300,Rating Plug de 600 a 300Amps,1
SRPG600A350,SRPG600A350 UNIDAD DE DISPARO 350A,3
SRPG600A400,SRPG600A400 Rating Plug de 600 a 400Amps,11
SRPG600A450,SRPG600A450 Rating Plug de 600 a 450Amps,1
SRPG600A500,SRPG600A500 Rating Plug de 600 a 500Amps,4
SRPG600A600,SRPG600A600 Rating Plug de 600 a 600Amps,3
SRPG600B300,SRPG600B300 RATING PLUG 600B300,1
SRPG600B450,SRPG600B450 Rating Plug de 600 a 450Amps MVT,1
SRPG600B500,SRPG600B500 Rating Plug de 600 a 500Amps MVT,2
SRPG600B600,SRPG600B600 Rating Plug de 600 a 600Amps MVT,3
SRPK1200A1000,SRPK1200A1000 Rating Plug de 1200 a 1000Amps,19
SRPK1200A1200,SRPK1200A1200 Rating Plug de 1200 a 1200Amps,8
SRPK1200A600,SRPK1200A600 Rating Plug de 1200 a 600Amps,4
SRPK1200A700,SRPK1200A700 Rating Plug de 1200 a 700Amps,8
SRPK1200A800,SRPK1200A800 Rating Plug de 1200 a 800Amps,12
SRPK1200A900,SRPK1200A900 Rating Plug de 1200 a 900Amps,1
SRPK1200B1000,SRPK1200B1000 Rating Plug de 1200 a 1000Amps MVT,2
SRPK1200B1200,SRPK1200B1200 Rating Plug de 1200 a 1200Amps MVT,6
SRPK800A400,RATING PLUG DE 800A400,5
SRPK800A600,SRPK800A600 Rating Plug de 800 a 600Amps,9
SRPK800A700,Rating Plug de 800 a 700Amps,3
SRPK800A800,SRPK800A800 Rating Plug de 800 a 800Amps,8
SR1XBF,NEXT 1 XT1 MTG KT BLANK FILLER,27
SR2XBF,NEXT2 XT1 MTG KT BLANK FILLER,27
SR489CA5E,SR489CA5E,1
SR489RELAY,SR489RELAY,1
SSF2G5X3U000000,Power Break II  CB  Stationary  StdBrk  Fconnect  1600 AF/1600 AS - SSF16G216 Trip Unit Type: Entelliguard - L4XX (LSIG)  Rating Plug  1600 A - GTP1600U1640,4
STH,FOCO HALOGENO 35 W 12 V,4
SWBPBII1600A-A,TAB. SWITCH BOARD 1600 AMP,1
SWBPBII1600A-B,TAB. SWITCH BOARD 1600 AMP,1
SWBPBII1600A-1,TAB. SWITCH BBOARD 1600 AMP,1
SWBPBII1600A2,TAB. SWITCH BOARD 1600 AMP,1
SWB-RG1600,TABLERO RELIAGEAR 1600A,2
SWB-SK1200,TABLERO RELIAGEAR 1200A,4
SWBSK1200A-A,TABLERO SWITCH BOARD 1200 AMP,1
SWBSK1200AB,TABLERO SWITCH BOARD 1200A,1
SWBSK1200A-1,SWITCH BOARD 1200 AMP,1
SWBSK1200A-2,TABLERO SWITCH BOARD,1
SWBSK1200A-4,TABLERO SWITCH BOARD 1200 AMP,1
SWSK1200A-3,TABLERO SWITCH BOARD,1
S1961,PLACA  PARA CONTACTO   P/CAJA FS,60
S802CI,PRENSA CABLE ROSCA CORTA PG 13.5 GRIS,700
S804CI,PRENSA CABLE ROSCA CORTA PG 21 GRIS,700
S852CI,"PRENSA CABLE ROSCA BSP CORTA 1/2"" GRIS",499
S853CI,"PRENSA CABLE ROSCA BSP CORTA 3/4"" GRIS",575
S854CI,"PRENSA CABLE ROSCA BSP CORTA 1"" GRIS",700
S870CI,PRENSA CABLE ROSCA METRICA CORTA M12X1 5,647
S872CI,PRENSA CABLE ROSCA METRICA CORTA M20X1 5,661
S872LI,PRENSA CABLE ROSCA METRICA LARGA M20X1 5,200
S873CI,PRENSA CABLE ROSCA METRICA CORTA M25X1 5,695
TAB-LUGS125A30P,TBALERO RELIAGEAR LUGS 125A 30P,2
TAB-LUGS125A42P,TABLERO RELIAGEAR 125A 42P,2
TAB-LUGS225A30P,TABLERO RELIAGEAR LUGS 225A30P,2
TAB-LUGS225A42P,TABLERO RELIAGEAR 225A 42P,2
TAB-MAIN150A30P,TABLERO RELIAGEAR MAIN 150A 30P,3
TAB-MAIN150A42P,TABLERO RELIAGEAR MAIN 150A 42P,3
TAB-MAIN250A30P,TABLERO RELIAGEAR MAIN 250A30P,2
TAB-MAIN250A42P,TABLERO RELIAGEAR MAIN 250A 42P,2
TAB-SE100-30P,LIGHTING PANELBOARD,4
TAB-SE30-24P,LIGHTING PANELBOARD,6
TAB-SE60-30P,LIGHTING PANELBOARD,6
TAB-SF225-42P,LIGHTING PANEL BOARD,2
TAB-SG400-42P,LIGHTING PANELBOARD,3
TAB-TEY100-42P,LIGHTING PANELBOARD,4
TAB-TEY350-30P,TAB. ALUMBRADO 30P 480V,1
TAB-TEY360-42P,TAB. ALUMBRADO 42P 480V,1
TAB-TEY50-18P,LIGHTING PANELBOARD,6
TAB-TEY70-30P,LIGHTING PANELBOARD,8
TAB-THQB100-30P,LIGHTING PANELBOARD,2
TAB-THQB100-42P,LIGHTING PANELBOARD,2
TAB-THQB50-18P,LIGHTING PANELBOARD,1
TAB-THQB70-42P,LIGHTING PANELBOARD,2
TAB-TQD100-42P,LIGHTING PANELBOARD,3
TAB-TQD125-42P,LIGHTING PANELBOARD,3
TAB-TQD150-42P,LINGHTING PANELBOARD,1
TAB-TQD175-30P,LIGHTING PANELBOARD,3
TAB-TQD200-30P,LIGHTING PANELBOARD,3
TAB-TQD225-42P,LIGHTING PANELBOARD,2
TCAL12,ZAPATA P/INT. TED 40-70A,3
TCAL121,TCAL121 Zapata SK (4)250-350 Cu ó (4)300-500 Al,29
TCAL122,ZAPATA P/INT. TKM,10
TCAL124,TCAL124 Zapata SK (3)350-750 Cu ó (3)350-750 Al,21
TCAL125,TCAL125 Zapata SK (4)250-500 Cu ó (4)250-500 Al,75
TCAL15,TCAL15 ZAPATA 1 POLO (1) 3-3/0 CU (1) 1-3/0 AL,109
TCAL18,TCAL18 Zapata SE (1)#12-3/0 Cu ó (1)#12-3/0 Al,281
TCAL25,TCAL25 LUG,19
TCAL29,TCAL29 Zapata SF (1)#8-350 Cu ó (1)#8-350 Al,548
TCAL29LV,ZAPATA,62
TCAL43,TCAL43 Zapata TJ (1)#6-600 ó (2)2/0-250 Cu  Al,27
TCAL61,ZAPATA P/INT. TKM836 300-600A,15
TCAL63,TCAL63 ZAPATA TJ (2)4/0-350CU (2)300-500 AL 19,69
TCAL81,TCAL81 Zapata SK (3) 3/0-500 kcmil Cu-Al,156
TCCP,Tapa de Mufa 3´´,10
TCLK365,TCLK365 Kit Zapataz 3pzs (1) #8-600 kcmil,50
TC2228,Switch Manual de Motor 2x30Amp 240v,1
TC35362,Switch Doble Tiro 3x60Amp 600v Nema 1,3
TDL13,INTERRUPTOR 100AMP COMPLETO,2
TDOLB,BARRA PARA IZAJE DE INTERRUPTOR PBII,1
TD7933LED-C/NE,LUMINARIO P/TECHO DIRIG. 3000K,3
TEB111040WLB,TEB111040WLB Int. Term. 1x40Amp 120Vac,3
TEB111050WLB,TEB111050WLB Int. Term. 1x50Amp 120Vac,3
TEB111100WL,INT.TERMOMAG. 1P 100AMP 120VCA 125VCD,2
TEB122015WL,TEB122015WL Int. Term. 2x15Amp 240Vac,6
TEB122020WL,TEB122020WL Int. Term. 2x20Amp 240Vac,4
TEB122030WL,TEB122030WL Int. Term. 2x30Amp 240Vac,4
TEB122040WL,TEB122040WL Int. Term. 2x40Amp 240Vac,2
TEB122050WL,TEB122050WL Int. Term. 2x50Amp 240Vac,4
TEB122060WL,TEB122060WL Int. Term. 2x60Amp 240Vac,4
TEB122070WL,TEB122070WL Int. Term. 2x70Amp 240Vac,2
TEB122100WL,TEB122100WL Int. Term. 2x100Amp 240Vac,5
TEB132015WL,TEB132015WL Int. Term. 3x15Amp 240Vac,11
TEB132015WLB,INT. TERMOMAGNETICO 3P 15 AMP,4
TEB132020WL,TEB132020WL Int. Term. 3x20Amp 240Vac,6
TEB132030WL,TEB132030WL Int. Term. 3x30Amp 240Vac,6
TEB132040WL,TEB132040WL Int. Term. 3x40Amp 240Vac,8
TEB132050WL,TEB132050WL INTERRUPTOR 3 POLOS 50 AMP. GE,3
TEB132070WL,TEB132070WL INT.TERMOMAG.3P 70A 240V,5
TEB132080WL,TEB132080WL Int. Term. 3x80Amp 240Vac,3
TEB132090WL,TEB132090WL Int. Term. 3x90Amp 240Vac,3
TEB132100WL,TEB132100WL Int. Term. 3x100Amp 240Vac,6
TEC36003,TEC36003 Int. Mag. 3x3 Amp 600Vac,1
TEDUV1,TEDUV1 Bobina de bajo voltaje 120Vac para TED,1
TED113020WL,TED113020WL INT.TERMOMAG.1P 20A 480V,13
TED113020WLB,TED113020WLB Int. Term. 1x20Amp 277Vac,6
TED113030WL,TED113030WL Int. Term. 1x30Amp 277Vac,47
TED113040WL,TED113040WL Int. Term. 1x40Amp 277Vac,6
TED113040WLB,INT TERMOMAGNETICO 1P  40 AMP,6
TED113100WLB,INT. TERMOMAGNETICO 1P 100 AMP,14
TED114030WL,TED114030WL Int. Term. 1x30Amp 347Vac,42
TED124010WL,TED124010WL Int. Term. 2x10Amp 480Vac,1
TED124040WLB,INT. TERMOMAGNETICO 2P 40 AMP,1
TED124050WLB,INT. TERMOMAGNETICO 2P 50 AMP,3
TED134015WL,TED134015WL Int. Term. 3x15Amp 480Vac,7
TED134020WL,TED134020WL Int. Term. 3x20Amp 480Vac,5
TED134030WL,TED134030WL Int. Term. 3x30Amp 480Vac,25
TED134040WL,TED134040WL Int. Term. 3x40Amp 480Vac,4
TED134050WL,TED134050WL Int. Term. 3x50Amp 480Vac,29
TED134060WL,TED134060WL Int. Term. 3x60Amp 480Vac,5
TED134070WL,TED134070WL TED134070WL Int. Term. 3x70Amp 480Vac,14
TED134080WL,TED134080WL Int. Term. 3x80Amp 480Vac,8
TED134090WL,TED134090WL Int. Term. 3x90Amp 480Vac,2
TED134100WL,TED134100WL Int. Term. 3x100Amp 480Vac,17
TED134125WL,TED134125WL Int. Term. 3x125Amp 480Vac,5
TED134150WL,TED134150WL Int. Term. 3x150Amp 480Vac,4
TED136015WL,Int. Term. 3x125Amp 600Vac,1
TED136090WL,TED136090WL INT.TERMOMAG.3P 90A 600V,3
TED136150WL,TED136150WL Int. Term. 3x150Amp 600Vac,1
TEFR1B,TEFR1B Mecanismo de Mango TEB TED THED,4
TEYD3030B,INT.3P 30A 480V,2
TEYD3080B,INT.3P 80A 480V,3
TEYD3100B,INT.3P 100A 480V,4
TEYF120,BREAKER 1P 20AMP 480/277,1
TEYF3125B,INT.TERMOAG.3P 125A 480V 18KA,2
TEYKIT,Kit para montaje Termico TEY,69
TEYL3125B,INT.3P 125A 480V,1
TEYPLD1,E150 PADLOCK KIT,1
TEYRC115,TEYRC115 Int. Term. 1x15Amp 277Vac 14Kaic,1
TEYRC120,TEYRC120 Int. Term. 1x20Amp 277Vac 14Kaic,3
TEYRC130,TEYRC130 Int. Term. 1x30Amp 277Vac 14Kaic,5
TEY1100,TEY1100 Int. Term. 1x100Amp 277Vac 14Kaic,31
TEY115,TEY115 Int. Term. 1x15Amp 277Vac 14Kaic,54
TEY120,TEY120 Int. Term. 1x20Amp 277Vac 14Kaic,112
TEY130,TEY130 Int. Term. 1x30Amp 277Vac 14Kaic,41
TEY140,TEY140 Int. Term. 1x40Amp 277Vac 14Kaic,67
TEY150,TEY150 Int. Term. 1x50Amp 277Vac 14Kaic,90
TEY160,TEY160 Int. Term. 1x60Amp 277Vac 14Kaic,37
TEY170,TEY170 Int. Term. 1x70Amp 277Vac 14Kaic,20
TEY180,TEY180 Int. Term. 1x80Amp 277Vac 14Kaic,26
TEY190,TEY190 Int. Term. 1x90Amp 277Vac 14Kaic,12
TEY200,INTERRUPTOR TERMO.,49
TEY2100,TEY2100 Int. Term. 2x100Amp 480/277Vac 14Kaic,47
TEY215,TEY215 Int. Term. 2x15Amp 480/277Vac 14Kaic,5
TEY220,TEY220 Int. Term. 2x20Amp 480/277Vac 14Kaic,21
TEY230,TEY230 Int. Term. 2x30Amp 480/277Vac 14Kaic,7
TEY240,TEY240 Int. Term. 2x40Amp 480/277Vac 14Kaic,7
TEY250,TEY250 Int. Term. 2x50Amp 480/277Vac 14Kaic,13
TEY260,TEY260 Int. Term. 2x60Amp 480/277Vac 14Kaic,32
TEY270,TEY270 Int. Term. 2x70Amp 480/277Vac 14Kaic,44
TEY280,TEY280 Int. Term. 2x80Amp 480/277Vac 14Kaic,26
TEY290,TEY290 Int. Term. 2x90Amp 480/277Vac 14Kaic,28
TEY3100,TEY3100 Int. Term. 3x100Amp 480/277Vac 14Kaic,11
TEY315,TEY315 Int. Term. 3x15Amp 480/277Vac 14Kaic,10
TEY320,TEY320 INT.TERM. 3X20AMP 480/277VAC14KAIC,18
TEY330,TEY330 INT.TERM. 3X30AMP 480/277VAC14KAIC,19
TEY340,TEY340 Int. Term. 3x40Amp 480/277Vac 14Kaic,6
TEY350,TEY350 Int. Term. 3x50Amp 480/277Vac 14Kaic,43
TEY360,TEY360 INT.TERM. 3X60AMP 480/277VAC14KAIC,26
TEY370,TEY370 INT.TERM. 3X70AMP 480/277VAC14KAIC,15
TEY380,TEY380 Int. Term. 3x80Amp 480/277Vac 14Kaic,8
TEY390,TEY390 Int. Term. 3x90Amp 480/277Vac 14Kaic,19
TE100F,TE100F Gabinete Nema 1 para Empotrar Marco,1
TE100S,TE100S GABINETE PARA SOBREPONER,16
TE150R,TE150R Gabinete Nema 3R para Exterior Marco,11
TE150S,TE150S Gabinete Nema 1 Sobreponer Marco TE,4
TFJ236125WL,Int. Term. 3x125Amp 600Vac,1
TFJ236175WL,TFJ236175WL Int. Term. 3x175Amp 600Vac,4
TFJ236200WL,INT. TERMOMAG. TFJ 3P 200AMPS 600V,2
TFKR1B,MANIJA TDR VERTICAL P/TFK,2
TFK224200WL,INT.TERMOMAG. TFK 2P 200A 480V,6
TFK226T150,UNIDAD DE DISPARO P/INT. TFK 150A,2
TFK226T225,UNIDAD DE DISPARO 225A,2
TFK236F000,Int. Term. (Solo Marco) 3x175Amp,2
TFK236T125,TFK236T125 Unidad de disparo 125Amp para Marco,4
TFK236T175,UNIDAD DE DISPARO P/INT TFK 3P 175A,2
TFK236T200,UNIDAD DE DISPARO P/INT TFK 200A,6
TF150F,TF150F,2
TF225R,Gabinete Nema 3R Exterior,13
TF225S,Gabinete Nema 1 Sobreponer,4
TF30RCP,TF30RCP DESC.2X30 220V TIPO PULL-OUT,1
TF60R,TF60R Desconectador para AC Nema 3R 60Amp,17
TGKIS,Kit para barra de tierra aislada,4
TGK12,Kit de tierra p/ Centro de carga 12ctos.,4
TGK24,Kit de tierra p/ Centro de carga 24ctos.,29
TGK4,TGK4,3
TGK42,Kit de tierra p/ Centro de carga 42ctos.,7
TGK8,8 CIRCUIT NEUTRAL BAR W/LUG,5
TGL1,EQUIPMENT GROUND KIT,58
TGL2,Kit de Tierra (8)#14-8 Cu/#12-8 AL,68
TGL20,Terminal de Tierra (1)#6-2/0Cu/Al,15
TGL3,Kit de Tierra (4)#14-8 Cu/#12-8 AL,1
TGL4,Kit de Tierra (8)#14-8Cu/#12-8AL,16
TGL8,Kit de Tierra (7) #14-8Cu/#12-8AL,1
TGN3321,Desconectador 3x30 240v Nema 1,13
TGN3321R,Desconectador 3x30 240v Nema 3R,8
TGN3322,Desconectador 3x60 240v Nema 1,17
TGN3322R,Desconectador 3x60 240v Nema 3R,6
TGN3323,Desconectador 3x100 240v Nema 1,5
TGN3323R,Desconectador 3x100 240v Nema 3R,8
TGN3324,TGN3324 Desconectador 3x200 240v Nema 1,1
TGN3324R,TGN3324R Desconectador 3x200 240v Nema 3R,3
TG3221,Int. Seg. p/Fusible 2x30Amp 240v N1,19
TG3221R,Int. Seg. p/Fusible 2x30Amp 240v N3R,4
TG3222,Int. Seg. p/Fusible 2x60Amp 240v N1,3
TG3222R,Int. Seg. p/Fusible 2x60Amp 240v N3R,7
TG3223,Int. Seg. p/Fusible 2x100Amp 240v N1,5
TG3223R,Int. Seg. p/Fusible 2x100Amp 240v N3R,5
TG3224,TG3224 Int. Seg. p/Fusible 2x200Amp 240v N1,5
TG4321,Int. Seg. p/Fusible 3x30Amp 240v N1,5
TG4321R,Int. Seg. p/Fusible 3x30Amp 240v N3R,5
TG4322,Int. Seg. p/Fusible 3x60Amp 240v N1,9
TG4322R,Int. Seg. p/Fusible 3x60Amp 240v N3R,4
TG4323,Int. Seg. p/Fusible 3x100Amp 240v N1,10
TG4323R,INTERRUPTOR 100A FUSIBLE 3R 240V,4
TG4324,TG4324 CAT TG 4324 200A EP GD N1 240V SW,13
TG4324R,TG4324R Int. Seg. p/Fusible 3x200Amp 240v N3R,1
THED124015WL,INT.TERMOMAG.THED 2P 15A 480V,1
THED124020WL,INT.2P 20A  480V,4
THED124030WL,INT.TERMOMAG.THED 3P 30A 480V,2
THED124050WL,INT.2P 50A  480V,1
THED124060WL,INT.TERMOMAG. THED 2P 60A 480V,1
THED124080WL,INT.TERMOMAG  THED 3P 80AMP,2
THED136040WL,INT.TERMOMAG.3P 40A 600V,6
THED136050WL,INT.TERMOMAG.3P 50A 600V,4
THED136060WL,INT.TERM 3X60 AMP.600VAC,10
THED136070WL,Int. Term. 3x70Amp 600Vac,1
THED136090WL,INT.TERMOMAG. 3P 90A 600V,8
THED136100WL,INT.TERMOMAG.3P 100A 600V,8
THED136125WL,INT.TERMOMAG.3P 125A 600V,6
THED136150WL,INT.3P 150A 600V,3
THF3365AR,Fusible de alta tensión SW 400A 3P 600V N3R A,1
THF3365A1,NT.DE SEG.3P400A 600V,1
THF3366AR,Int. Seg. p/Fusible 3x600Amp 600v N3R,1
THF3366A1,Fusible de alta tensión SW 600A 3P 600V N1A,1
THHQB1130,INT.TERMOMAG.1P 30A 22KA,19
THHQB2150,Int. Term. Atornillable 2x50A 240v 22k,5
THHQB32020,INT.TERMOMAG.3P 20A 220V,3
THHQL21125,INT. TERMOMAGNETICO,1
THHQL2130,nt. Term. Enchufable 2x30A 120v 22k,5
THHQL32030,INT.TERM.ENCHUFABLE 3X30A 120V 22KA,1
THL103,Candado para manija Int. TQB  TQC  TQL,76
THN3321,INTERRUPTOR DE SEGURIDAD 3P 250VAC/DC 30,4
THN3361,INTERRUPTOR DE SEGURIDAD 3P 30A,17
THN3361R,Desconectador 3x30 600v Nema 3R,15
THN3362,Desconectador 3x60 600v Nema 1,28
THN3362R,Desconectador 3x60 600v Nema 3R,13
THN3363,Desconectador 3x100 600v Nema 1,12
THN3363J,Desconectador 3x100 600v Nema 12,3
THN3363R,Desconectador 3x100 600v Nema 3R,11
THN3364,Desconectador 3x200 600v Nema 1,11
THN3364R,Desconectador 3x200 600v Nema 3R,5
THN3366AR,Desconectador 3x600 600v Nema 3R,2
THN3366R,Desconectador 3x600 600v Nema 3R,1
THQB1115,THQB1115 PASTILLA ATORNILLABLE 1P 15A,215
THQB1115GF,int.term.atornillable 1x15a 220v 10k GF,8
THQB1115GFT,Int. Term. Atornillable 1x15A 220v 10k G,5
THQB1120,THQB1120 INT.TERMOMAG.1P 20A 120V,88
THQB1120GFT,nt. Term. Atornillable 1x20A 220v 10k G,20
THQB1125,Int. Term. Atornillable 1x25Amp 120V 10k,19
THQB1130,THQB1130 INT.TERMOMAG.1P 30A 120V,196
THQB1130GF,Int. Term. Atornillable 1x30Amp 120V GF,3
THQB1130GFT,nt. Term. Atornillable 1x30A 220v 10k G,6
THQB1140,THQB1140 Int. Term. Atornillable 1x40Amp 120V 10k,185
THQB1150,THQB1150 Int. Term. Atornillable 1x50Amp 120V 10k,292
THQB1160,THQB1160 Int. Term. Atornillable 1x60Amp 120V 10k,114
THQB1170,THQB1170 Int. Term. Atornillable 1x70Amp 120V 10k,152
THQB21100,THQB21100 Int. Term. Atornillable 2x100A 240V 10k,67
THQB2115,THQB2115 PASTILLA  ATORNILLABLE  2P 15A,104
THQB2115GF,PASTILLA ATORNILLABLE 2P 15A C/TIERRA,6
THQB2120,THQB2120 PASTILLA ATORNILLABLE 2P 20A,110
THQB2120GF,THQB2120GF INT.TERMOMAG.2P 20A 120/240V,1
THQB2120GFT,nt. Term. Atornillable 2x20A 220v 10k G,5
THQB2130,THQB2130 PASTILLA ATORNILLABLE 2P 30A,75
THQB2130GF,PASTILLA ATORNILLABLE 2P 30A C/TIERRA,3
THQB2140,THQB2140 INT.TERMOMAG.2P 40A 240V,123
THQB2150,THQB2150 INT.TERM.ATORNILLABLE 2X50A 240V 10K,94
THQB2160,THQB2160 INTERRUPTOR TERMOMAG 2P 60A,157
THQB2170,THQB2170 Int. Termomaag. 2p  70amp  120-240V,98
THQB2180,THQB2180 PASTILLA ATORNILLABLE 2 P 80 A,89
THQB2190,THQB2190 Int. Term. Atornillable 2x90A 240v 10k,65
THQB32015,THQB32015 Int. Term. Atornillable 3x15A 240v 10k,44
THQB32020,THQB32020 INT.TERM.ATORNILLABLE 3X20A240V10K,87
THQB32030,THQB32030 INTERRUPTOR 3P 30A,35
THQB32040,THQB32040 Int. Term. Atornillable 3x40A 240v 10k,77
THQB32040ST1,THQB32040ST1 Int. Term. Atornillable 3x40A 240v ST,2
THQB32050,THQB32050 Int. Term. Atornillable 3x50A 240v 10k,79
THQB32050ST1,THQB32050ST1 Int. Term. Atornillable 3x50A 240v ST,4
THQB32060,THQB32060 Int. Term. Atornillable 3x60A 240v 10k,79
THQB32070,THQB32070 Int. Term. Atornillable 3x70A 240v 10k,89
THQB32080,THQB32080 Int. Term. Atornillable 3x80A 240v 10k,68
THQB32090,THQB32090 Int. Term. Atornillable 3x90A 240v 10k,58
THQB32100,THQB32100 INT.TERMOMAG.3P 100A 240V,68
THQC1115,THQC1115 Int. Term. Riel Din 1x15Amp 120V 10k,3
THQC1115WL,Int. Term.  1x15A 120v 10k p/rieldin,1
THQC1130,THQC1130 Int. Term. Riel Din 1x30Amp 120V 10k,1
THQC2130,Int. Term. Riel Din 2x30Amp 240V 10k,2
THQC2130WL,Int. Term.  2x30A 220v 10k p/rieldin,4
THQC2140WL,THQC2140WL Int. Term. 21x40A 220v 10k p/rieldin,1
THQC2145,Int. Term. Riel Din 2x45Amp 240V 10k,1
THQC2160,Int. Term. Riel Din 2x60Amp 240V 10k,1
THQC32040WL,INT.TERMOMAG.3P 40A 240V P/RIEL D.,1
THQC32060,THQC32060 Int. Term. Riel Din 3x60Amp 240V 10k,4
THQC32070,Int. Term. Riel Din 3x70Amp 240V 10k,3
THQC32070WL,THQC32070WL Int. Term.  3x70A 220v 10k p/rieldin,3
THQC32100,Int. Term. Riel Din 3x100Amp 240V 10k,25
THQC32100WL,THQC32100WL Int. Term.  3x100A 220v 10k p/rieldin,22
THQD22150WL,INT. TERMOMAG. THQD 2P 150A 240V,10
THQD22175WL,INT.TERMOMAG.2P 175A 220V,10
THQD22200WL,INTERRUPTOR TERM. 2X200AMP 240V,16
THQD32175WL,INT.TERMOMAG.3P 175A 220V,7
THQD32225,INT. TERMOMAG. 3 POLOS 220V 225AMPS,2
THQD32225WL,INT.TERMOMAG.3P 225A 220V,5
THQLSURGE,SURGE ARRESTOR,1
THQL1115,THQL1115 INT. TERMICO 1P 15 AMP. 120/240V  GE,286
THQL1115AF,Int. Term. Enchufable 1x15A 120v 10k GF,1
THQL1115AF2,THQL1115AF2 INT.TER.ENCHUFABLE 1X15A GF 220V 10KA,1
THQL1115GF,PASTILLA ENCHUFABLE 1P 15A C/TIERRA,6
THQL1115GFT,int.term.enchufable 1x15A 10KA GFT,16
THQL1120,THQL1120 INT. TERMICO 1P 20 AMP. 120/240V GE.,283
THQL1120AF2,INT.ENCHUFABLE 1P 20A  120/240V AFCI,160
THQL1120GF,Int. Term. Enchufable 1x20A 120v 10k GF,5
THQL1120GFT,Int.Term.enchufable 1x20aA 120V c/falla,50
THQL1125,THQL1125 Int. Term. Enchufable 1x25A 120v 10k,132
THQL1130,THQL1130 INT. TERMICO 1 P 30 AMP. 120/240V,667
THQL1130GF,Int. Term. Enchufable 1x30Amp 120V GF,2
THQL1130GFT,THQL1130GFT Int. Term. Enchufable 1x30 120 C/FALLA,9
THQL1140,THQL1140 INTERRUPTOR TERMICO 40A GE,202
THQL1150,THQL1150 Int. Term. Enchufable 1x50A 120v 10k,600
THQL1160,THQL1160 Int. Term. Enchufable 1x60A 120v 10k,71
THQL1170,THQL1170 TERMICO 1X70,81
THQL21100,THQL21100 INT TERM 2X100A 120/240V GE,91
THQL21125,THQL21125 INT TERM 2X125 120/240V GE,6
THQL2115,THQL2115 PASTILLA ENCHUFABLE 2P 15A,365
THQL2115GFT,INT.TERM.ENCHUFABLE 2X15A 220V 10K GFT,16
THQL2120,THQL2120 INT. TERMICO 2P 20 AMP. 120/240V,305
THQL2120GF,Int. Term. Enchufable 2x20A 240v 10k GF,1
THQL2120GFEP,THQL2120GFEP int.term.atornillable 2x20 220v 10ka GFE,1
THQL2120GFT,int.term.enchufable 2x20a 220v 10k GFT,34
THQL2125,INT.TERMOMAG.2P 25A 120/240V,11
THQL2125GFT,THQL 2P 120/240V 25A GFCI SELF-TEST,15
THQL2130,THQL2130 INT.TERMOMAG.2P 30A 120/240V,256
THQL2130GFT,int.term.enchufable 2x30 220v 101ka GFT,10
THQL2130GF1,PASTILLA ENCHUFABLE 2P 30A,7
THQL2140,THQL2140 Int. Term. Enchufable 2x40A 240v 10k,191
THQL2150,THQL2150 INT. TERMICO 2P 50 AMP. 120/240V,288
THQL2150GF1,PASTILLA ENCHUFABLE 2P 50A,1
THQL2160,THQL2160 INT. TERMICO 2P 60 AMP. 120/240V,64
THQL2170,THQL2170 Int. Term. Enchufable 2x70A 240v 10k,87
THQL2180,THQL2180 Int. Term. Enchufable 2x80A 240v 10k,136
THQL2190,THQL2190 INT TERM 2P 90A 240V,49
THQL32015,THQL32015 Int. Term. Enchufable 3x15A 240v 10k,69
THQL32020,THQL32020 INT TERM 3X20A 240V GE ENCH,117
THQL32030,THQL32030 INTERR TERM 3X30A 240 GE,86
THQL32040,THQL32040 INT. TERM 3 X 40 AMP.  240V GE ENCH.,98
THQL32050,THQL32050 Int. Term. Enchufable 3x50A 240v 10k,81
THQL32060,THQL32060 Int. Term. Enchufable 3x60A 240v 10k,96
THQL32070,THQL32070 Int. Term. Enchufable 3x70A 240v 10k,88
THQL32080,THQL32080 Int. Term. Enchufable 3x80A 240v 10k,80
THQL32090,THQL32090 Int. Term. Enchufable 3x90A 240v 10k,51
THQL32100,THQL32100 INT. TERMICO 3 POLOS 100 AMP.,124
THQMV100,THQMV100 Kit de Int. Principal C.C. 2x100A 22kA,1
THQMV100D,KIT DE MONTAJE 100A  P/CENTRO DE,1
THQMV125,THQMV125 Kit de Int. Principal C.C. 2x125A 22kA,1
THQMV225,Kit de Int. Principal C.C. 2x255A 22kA,1
THQMV225D,THQMV225D KIT DE MONTAJE 225A P/C.DE CARGA,1
THQP115,THQP115 INT. TERMICO QP 1P 15 AMP. 120/240V,89
THQP120,THQP120 INT. TERMICO QP 1P 20 AMP. 120/240V,49
THQP130,THQP130 INT. TERMICO QP 1P 30 AMP. 120/240V,187
THQP140,THQP140 Int. Term. Enchufable 1x40A 120v 1/2´´,20
THQP150,THQP150 Int. Term. Enchufable 1x50A 120v 1/2´´,2
THQP215,THQP215 Int. Term. Enchufable 2x15A 120v 1´´,13
THQP220,THQP220 INT.TERMOOAG.2P 20A 120/240V,20
THQP225,Int. Term. Enchufable 2x25A 120v 1´´,2
THQP230,THQP230 PASATILLA ENCHUFABLE 2P 30 AMP,120
THQP240,THQP240 INT.TERMOMAG.2P 40A 120/240V,70
THQP245,Int. Term. Enchufable 2x45A 120v 1´´,4
THQP250,THQP250 Int. Term. Enchufable 2x50A 120v 1´´,39
THT104,MANIJA PARA BREAKER THQ,30
TH1,MANIJA DE OPERACION,2
TH-3001.B,LUM EMP BLANCO ANTI REF G5.3 SIN/LAM,1
TH-3002.N,LUM P/EMP EN TECHO FAB. ALUM. COLOR NEGR,6
TH3226R,INT. DE SEGURIDAD 3P 600A 240V NEMA 3R,1
TH3361,Int. Seg. p/Fusible 3x30Amp 600v N1,17
TH3361R,Int. Seg. p/Fusible 3x30Amp 600v N3R,9
TH3362,Int. Seg. p/Fusible 3x60Amp 600v N1,19
TH3362R,Int. Seg. p/Fusible 3x60Amp 600v N3R,10
TH3362SS,INT. DE SEGURIDAD,1
TH3363,Int. Seg. p/Fusible 3x100Amp 600v N1 TH3363,11
TH3363R,Int. Seg. p/Fusible 3x100Amp 600v N3R,15
TH3364,TH3364 Int. Seg. p/Fusible 3x200Amp 600v N1,7
TH3364B,TH3364B Int. Seg. p/Fusible 3x200Amp 600v N1,5
TH3364R,TH3364R INTERRUPTOR DE SEGURIDAD 3P 200 A 600 V,6
TH3365,TH3365 INT.DE.SEG.3P400A 600V,1
TH4321,Int. Seg. p/Fusible 3x30Amp 240v N1 HD,1
TH4324,Int. Seg. p/Fusible 3x200Amp 240v N1,1
TJD432250WL,TJD432250WL Int. Term. Zapatas 3x250A 240vac 22kA,7
TJD432400WL,INT.TERMOMAG.3P 400A  240V,3
TJJ436250WL,TJJ436250WL Int. Term. Zapatas 3x250A 600vac 22kA,1
TJJ436400WL,TJJ436400WL Int. Term. Zapatas 3x400A 600vac 22kA,2
TJKASA2AB2R,Switch auxiliar TJ  TJD  TJJ  TJK 2polos,1
TJKASA2AB4R,Switch auxiliar TJ  TJD  TJJ  TJK 4polos,5
TJKHM2,Mecanismo para Interruptor,1
TJKYT36,Unidad de Disparo Falso TJK600Amp,1
TJK436T200,Unidad de disparo 200Amp para Marco,2
TJK436T250,UNIDAD DE DISPARO P/INT TJK 250A,2
TJK436T300,UNIDAD DE DISPARO P/INT. TJK 300A,6
TJK436T350,TJK436T350 Unidad de disparo 350Amp para Marco,6
TJK436T400,Unidad de disparo 400Amp para Marco,1
TJK436T600,BREAKER,1
TJK636T250,TJK636T250 UNIDAD DE DISPARO P/INT.TJ DE 250A,2
TJK636T350,Unidad de disparo 350Amp para Marco,1
TJK636T450,TJK636T450 Unidad de disparo 450Amp para Marco,1
TJK636T500,TJK636T500 Unidad de disparo 450Amp para Marco,3
TJK636T600,TJK636T600 Unidad de disparo 600Amp para Marco,9
TJRMDVB,UNDERVOLTAGE RELEASE 120V P/TJK,3
TJUV9R,Bobina Bajo Voltaje 48VDC TJ,48
TJ400S,Gabinete N1 para Sobreponer Marco TJ,1
TJ600S,Gabinete N1 para Sobreponer Marco TJ,3
TKC361200,TKC361200 Int. Mag. Motor 3x1200Amp 30Ka,1
TKMA3T0600,UNIDAD DE DISPARO P/INT TKMA 600A,1
TKMA3T1000,UNIDAD DE DISPARO 1000 AMP,1
TKMA3T1200,UNIDAD DE DISPARO TKMA DE 1200A,1
TKMA836T800,(NO FUNCIONA )UNIDAD DE DISPARO P/INT. T,1
TKM3F,MARCO P/INT. TKMA DE 1200A,2
TKM836F000,MARCO P/TKMA 3P 800A 600V,1
TK1200S,GABINETE N1,2
TK50VA,Transformador de Control 50 VA  P.480/220Vca - S.220/127Vca,4
TLD3,Candado para manija Int. Spectra SE150,5
TLK20,KIT DE TERMINALES,2
TLLED-008,LUMINARIA DE PARED3.5W 100-240V 3000K,2
TLM1212CCU,TLM1212CCU CENTRO DE CARGA 12 CIRCUITOS,32
TLM1212RCU,TLM1212RCU CENTRO DE CARGA 12 CIR MON EXTERIOR,10
TLM1220RCU,TLM1220RCU Centro Carga 12ctos 1F Zapatas 200A,1
TLM1612CCU,Centro Carga 16ctos 1F Zapatas 125A,2
TLM1620CCU,CENTRO DE CARGA 16CTS ZAP/200A,1
TLM2020CCU,TLM2020CCU Centro Carga 20ctos 1F Zapatas 200A,4
TLM2020RCU,TLM2020RCU Centro Carga 20ctos 1F Zapatas 200A,1
TLM2412CCU,TLM2412CCU C.CARGA 24C 1F 3H C/ZAP.125A,1
TLM2412RCU,TLM2412RCU Centro de carga 24c 1F c/zapatas,2
TLM2420C42,Centro Carga 24ctos 1F Zapatas 200A,1
TLM4020CCU,TLM4020CCU Centro Carga 40ctos 1F Zapatas 200A,17
TLM4020RCU,Centro Carga 40ctos 1F Zapatas 200A,1
TLM4220CCU,Centro Carga 42ctos 1F Zapatas 200A,2
TLM4222CCU,CENTRO DE CARGA 42C 225A 120/240V,1
TLM612FCUD,TLM612FCUD Centro C 6ctos 1F Zap 125A Emp Puerta,10
TLM612F1,TLM612F1 Centro C 6ctos 1F Zap 125A Emp N1,8
TLM612R,TLM612R Centro C 6ctos 1F Zap 125A N3R,1
TLM612RCU,TLM612RCU Centro C 6ctos 1F Zap 125A N3R,6
TLM612SCUD,TLM612SCUD C.DE CARGA 6 CIRC.125A P/SOBREPONER G.E,13
TLM612S1,TLM612S1 Centro C 6ctos 1F Zap 125A Sob N1,1
TLM812FCU,CC8POLOS125AMP,19
TLM812FCUD,TLM812FCUD CENTRO DE CARGA 8 CIR. EMP. GE,8
TLM812RCU,TLM812RCU CENTRO DE CARGA 8 CIR EXTERIOR,5
TLM812SCU,CENTRO DE CARGA 1F 3H 8P C/ZAP 125A 120/,1
TLM812SCUD,TLM812SCUD C.DE CARGA 8 CIRC.125A,3
TL1000,L Travesaño post600mm 2pz,38
TL12412C,TL12412C Centro Carga 12ctos 3F Zapatas 125A,11
TL12412R,TL12412R Centro Carga 12ctos 3F Zapatas 125A,7
TL-1835.B40,LUM SOR EXT 35 W,1
TL18415C,Centro Carga 18ctos 3F Zapatas 150A,9
TL18415R,TL18415R Centro Carga 3f Zapatas 150a N3R,2
TL18420C,TL18420C Centro Carga 18ctos 3F Zapatas 200A,3
TL2000,L Travesañopost.esc.300mm2pz,1
TL2100,LINEARCROSSPIECEFORINTERNALCAB.CONT.,7
TL240SCU,CENTRO DE CARGA 1F 3H 2P C/ZAP 40A,2
TL24415C,TL24415C Centro Carga 24ctos 3F Zapatas 150A,1
TL270RCU,TL270RCU Centro Carga 2ctos 1F Zapatas 70A  N3R,7
TL270SCU,TL270SCU Centro Carga 2ctos 1F Zapatas 70A  N1,15
TL-2808.N40,LUM SOB PONER SLIM8W 4000K ALUM,5
TL-2815.B30,LUMINARIO LED BLANCO  15 W  100 - 277 V~,1
TL-2815.N30,LUMINARIO LED INTEGRADO PARA SOBRE,4
TL28351203065,TIRA LED EN ROLLO 5M,1
TL3000,L Travesaño post800mm 2pz,27
TL30420C,TL30420C CENTRO DE CARGA 30C ZAPATAS 200A,1
TL30422C,Centro Carga 30ctos 3F Zapatas 225A,4
TL412C,TL412C C.DE CARGA 4C 125A 240V G.E.,13
TL412RT1,TL412RT1 Centro Carga 4ctos 1F Zapatas 125A N3R T,7
TL412R1,TL412R1 CENTRO DE CARGA 4 CIRCUITOS 1F,7
TL42420C,CENTRO DE CARGA 42C ZAPATAS 200A,2
TL-7200.NHB50120,LUMINARIA LED INDUSTRIAL DE SUSPENDER,1
TMAX XT5N 400,EXTRACTO,1
TM1210CCU,C.CARGA1F 3H 12C INT.PPL.100A,6
TM12410C,C.CARGA 12C 3F 4H C/INT.PPL.100A 208/120,14
TM1615CCU,CENTRO DE CARGA 16C 1F PRINCIPAL 150A,1
TM1615CCUG,CENTRO DE CARGA 16C 1F PRINCIPAL 150A N1,20
TM2015CCU,TM2015CCU C.DE CRGA 1F 3H 20C C/PPL.150,1
TM2020RCU,CENTRO DE CARGA 20C 1F PRINCIPAL 200A,1
TM2412CCU,C.CARGA 1F 3H 24C 120/240V PPL.125A,10
TM24415C,Centro Carga. 24ctos Principal 150A  N1,10
TM24420C,CENTRO DE CARGA 24C INT.PPL.200A,1
TM30415C,CENTRO DE CARGA 30C INT./PPL150A,1
TM3220CCU,C.DE CARGA 40C 1F 3H PPL.200A 240V,5
TM3220RCU,TM3220RCU C.DE CARGA 40C 1F 3H PPL.200A 240V N3R,1
TM4020RCU,C.DE CARGA 1F 3H 40C C/PPL 200A,1
TM4222CCU,CENTRO DE CARGA 42C 1F PRINCIPAL 225A,7
TM42415C,C.DE CARGA 42C 3F 4H C/PPL.150A,8
TM42420R,CENTRO DE CARGA 3F 4H 42P C/INT. PAL 200,7
TM42422R,INT-42 CIRCUITOS 225 AMP,1
TNIA1200,KIT DE ZAPATAS P/NEUTRO 1200A,1
TNIA225,Zapata Aislada  1-300 225A,1
TNIA400,Zapata Aislada (2) 1/0-250 or (1) 4-600,7
TNI65A,Zapata Neutro 400A (1) 350-800 Cu  Al,1
TNI66,Zapata Neutro 600A (2) 4-500 Cu  Al,1
TPME277Y06PP,Protector Sobretensiones Tranquell,1
TP08FCA,,2
TQDL21200,TQDL21200 Int. Term. Zapatas 3x200A 240v 10k,24
TQD22175WL,Int. Term. Zapatas 2x175A 240v 10k,3
TQD22200WL,Int. Term. Zapatas 2x200A 240v 10k,1
TQD22225WL,TQD22225WL Int. Term. Zapatas 2x225A 240v 10k,10
TQD225R,GABINTE N3R P/INT.TIPO TQD,1
TQD225S,TQD225S Gabinete N1 para Sobreponer  TQD,3
TQD32125WL,Int. Term. Zapatas 3x125A 240v 10k,1
TQD32175WL,Int. Term. Zapatas 3x175A 240v 10k,1
TQD32225,INTERRUPTOR 3 POLOS 225 AMP.,9
TQD32225WL,TQD32225WL Int. Term. Zapatas 3x225A 240v 10k,2
TQLFP1,TQLFP1 Tapa de plastico para cubrir Hueco 1´´,650
TQL100S,TQL100S Gabinete N1 Sobreponer 100A THQL,6
TQL70S,TQL70S Gabinete N1 Sobreponer 70A THQL,3
TQMH000,TQMH000 Kit p/ Int. Princ. Centro de Carga THQL,3
TRL22,TRL22 CHAPA P/C.DE CARGA SIN LLAVE,5
TRS100R,FUSIBLE 100AMP FERRAZ SHAUMNT,5
TRS150R,FUSIBLE 150A600V RETARDO DE,6
TRS200R,FUSIBLE 200A 600V FERRAZ SHAWMUT,11
TRS30R,FUSIBLE 30A 600V FS,2
TRS40R,FUSIBLE DE 40A 600V,15
TRS60R,FUSIBLE TRS60R CLA.RK5 RETARDA,2
TR10B800,RATING PLUG 1000A,3
TR16B1000,RATING PLUG 1000A,1
TR20B1200,RATING PLUG 2000A,1
TR20B1500,RATING PLUG 1500A,1
TR20B800,RATING PLUG 2000A,1
TR200R,FUSIBLE 200A 250V FERRAZ SHAWMUT,15
TR25B1600,RATING PLUG 1600A,1
TR25B2000,RATING PLUG 2000A,1
TR30B1600,RATING PLUG 1600A,1
TR30B2000,RATING PLUG 2000A,3
TR30B3000,RATING PLUG 3000A,2
TR4B400,Rating Plug PWII MVT 400-400Amp,9
TR40B3000,RATING PLUG 3000A,1
TR40B3600,RATING PLUG 4000A,4
TSM1612CSCU,Conjunto Base Medidores 16c 125A N3R,4
TSRG204,TSRG204,3
TSRG206,CIRCUIT BREAKER PART,1
TSST10R,Bobina de disparo 125vdc,1
TSVG308A,SENSOR NEUTRAL DE 800AMP,1
TSVG816A,,2
TUBP-100,"TUBERIA PESADA 4""PVC C/C",29
TUBP-32,"TUBERIA CONDUIT 1 1/4""C/C PESADO",5
TUBP-38,"TUBERIA CONDUIT 1 1/2""PESADO C/C",140
TUBP-64,"TUBERIA PESADA 2 1/2"" PVC C/C",50
TUBP-75,"TUBERIA CONDUIT 3""PES C/C",1
TUB-13P,"TUBERIA CONDUIT PVC PESADO C/C 1/2""",4
TUB-19P,"TUBERIA CONDUIT PVC 3/4"" PESADO C/C",100
TVPBP,PORTABLE BATTERY PACK,5
TVPBPACC,,1
T1 60X80,Canaleta ABB pas o 8/12. Dim (BxA ) 60 x,18
T5D40FSA-0+0,Transfer - Tmax T5D 400 0+0  Voltaje de control en 127 Volts.,2
T5D63FSA-0+0,Transfer - Tmax T5D 630 0+0  Voltaje de control en 127 Volts.,1
T5N40FAA-1+0,Transfer - Tmax T5N 400A  1+0  Voltaje de control en 127Vac,5
T5N40FAA-1+1,Transfer - Tmax T5N 400 1+1  Voltaje de control en 127 Volts.,2
T5N63FAA-1+0,Transfer - Tmax T5N 630A  1+0  Voltaje de control en 127 Volts.,5
T5N63FAA-1+1,Transfer - Tmax T5N 630A  1+1  Voltaje de control en 127 Volts.,9
T6D10FSA-0+0,Transfer - TmaxT6D1000 3 Polos  0+0  Voltaje de control en 127 Volts.,1
T6N10FAA-1+0,Transfer - TmaxT6N1000 3 Polos  1+0  Voltaje de control en 127 Volts.,3
T6N80FAA-1+0,Transfer - TmaxT6N800 3 Polos  1+0  Voltaje de control en 127 Volts.,1
T6N80FAA-1+1,Transfer - TmaxT6N 800A  LS/I  3 Polos  1+1  Voltaje de control en 127 Volts.,2
T7S12FAA-1+0,Transfer - TmaxT7S1250 3 Polos  1+0  Voltaje de control en 127 Volts.,2
T7S16FAA-1+0,Transfer - TmaxT7S1600 3 Polos  1+0  Voltaje de control en 127 Volts.,3
T713E40,INT. TERMOMAGNETICO M1 160E 3P  40 AMP,1
UBITBBD1515,INTERR TERM 15A-15A 1P CONECTICUT,3
UBITBBD2015,INTER TERM 20A-15A1P CONECTICUT,4
UBITBBD3030,INTERR TERM 30A-30A 1P CONECTICUT,3
UB1640,TRANSFORMADOR 120V A 16.5V,48
VC1000,L Cont.Cable 1000x300mm,1
VC1200,L Cont.Cable 1200x300mm,1
VC1400,L Cont.Cable 1400x300mm,1
VC1425,INTERNALCABLECONTAINERH=1400MM,6
VC1825,L contenedor cable 1800mm,1
VC2000,L Contenedor cable 2000mm,2
V1108CA,CONTACTO 1POLO PARA CK08,6
V1109BA,CONTACTO 1 POLO PARA CK09B,1
V1110CE,CONTACTO 1 POLO PARA CK10,8
V1175CA,,1
V2023,LUMINARIO COLGANTE CROMADO 3L-GU10,1
V31200B,JGO. DE CONTACTOS P/CL00,18
V31201B,JGO. DE CONTACTOS P/CL01,28
V31202B,JGO. DE CONTACTOS P/CL02,53
V31204B,JGO. DE CONTACTO P/CL04,8
V31206B,JGO. DE CONTACTO P/CL06,21
V31208B,JGO. DE CONTACTOS P/CL08,5
V31210B,,1
V31225B,JGO DE CONTACTOS P/CL25,9
V31245B,,9
XT1NU3030AYD000XXX,Reliagear Next Breaker XT1N 125 TMF 30-500 3p F F UL/CSA + Line Side Connector XT1 + KIT FC CuAl 10-2/0 AWG XT1 3pcs UL/CSA,6
XT1NU3050AYD000XXX,3 Pole molded case circuit breaker with a current rating of 50 Amps,19
XT1NU3060AYD000XXX,Reliagear Next Breaker XT1N 125 TMF 70-700 3p F F UL/CSA + Line Side Connector XT1 + KIT FC CuAl 10-2/0 AWG XT1 3pcs UL/CSA,2
XT1NU3100AYD000XXX,Reliagear Next Breaker XT1N 125 TMF 100-700 3p F F UL/CSA + Line Side Connector XT1 + KIT FC CuAl 10-2/0 AWG XT1 3pcs UL/CSA,4
XT1NU3125AYD000XXX,#N/D,1
XT1N10FAA-1+1,Transfer - Tmax XT1N  100A  Fijos  Unidad TMD  1+1  Voltaje de control 127Vac,2
XT3N20FAA-1+0,Transfer - Tmax XT3N 200A  1+0  Voltaje de control 127Vac.,2
XT3N25FAA-1+0,Transfer - Tmax XT3N 250A  1+0  Voltaje de control 127Vac.,1
XT3N25FAA-1+1,Transfer - Tmax XT3N 250A  1+1  Voltaje de control 127Vac.,2
XT4NU3150AYJ000XXX,#N/D,5
XT4NU3175AYJ000XXX,#N/D,5
XT4NU3200AYJ000XXX,#N/D,6
XT4NU3225AYJ000XXX,#N/D,1
XT4NU3250AYJ000XXX,#N/D,3
XT4SU3100BYJ000XXX,XT4S 250 TMA 100 500 1000 3p F F UL/CSA,1
XT5NU330ABYN000XXX,Reliagear Next Breaker XT5N 400 TMA 300-3000 3p FF UL + Line Side Connector XT5 + KIT FCCuAl 2x2/0-500kcmil XT5 3pcsUL/CSA,6
XT5NU340ABYN000XXX,#N/D,2
XT5NU360BFYN000XXX,#N/D,2
XT5N40FAA-1+1,Tmax XT  XT5N  400A  Tipo 1+1  Voltaje d,2
XT5N63FAA-1+0,Transfer - Tmax XT  XT5N  630A  Tipo 1+0  Voltaje de control: 127Vac,2
XT5N63FAA-1+1,Transfer - Tmax XT  XT5N  630A  Tipo 1+1  Voltaje de control: 127Vac,1
XT6N10FAA-1+0,Transfer T-Max XT6N  1000a tipo A (1+0),1
XT6N10FAA-1+1,Transfer - TmaxT6N1000 3 Polos  1+1  Voltaje de control en 127 Volts.,2
XT6N80FAA-1+1,Transfer - Tmax XT  XT6N 800A  Protecció,1
XT7S12FAA-1+0,Transfer - Tmax XT7S 1250A  Fijo a Par,1
XT7S12FAA-1+1,Transfer - Tmax XT  XT7S  1250A  3 Polos  Tipo 1+1  Voltaje de control: 127Vac,2
XT7S16FAA-1+1,Transfer - Tmax XT  XT7S  1600A  3 Polos  1+1  Voltaje de control: 127Vac,1
YDLEDD-004/30,INTERIOR EMPOTRADO LED 13 W 3000 K,1
YDLEDZ-002/CCT,EMPOTRADOS LED 16W 100-240V 2700-6500K,7
YD-1200/S,EMPOTRADO SATIN A PLAFON,1
YD-1500/B,EMP. ELECTRONICO RED ALUMINIO/CRISTAL,1
YD-510/B,EMP. DIRIG. REDONDO 50W AR111 BCO,2
ZBE-101,Elemento de contacto ZBE-101 P/boton,13
ZL1000,L ANGULOS ZOCLO,11
ZL1101,L Tapa Zoclo 800mm 2pz,9
ZL2001,L Tapa Zoclo 300mm 2pz,2
ZMDE 6-3/0,ZAPATA TERMINAL MECANICA ESCA 6-3/0 AWG,12
ZN1000-MX,Dos tapas de zocalo frente/trasera 100X1000MM HXW,1
ZN6000-MX,IS2 Tapa Zoclo 600mm,9
ZN8000-MX,Dos tapas de zocalo frente/trasera,63
Z164CE3FTB,ZERA 12 EMPOTRRADO 12W  3000K  90-150V,30
Z164CS3FTB,ZERA SOBREPONER 12W  3000K 90-150V,2
03RCTPPVE,CAJA REGISTRO 3X3 REF C/TAPA (13),19
077MT1234S22,CONMUTADOR DE FASE,5
077MT24S22,PALANCA DE MANDO CEMA,10
077-10,AUX DE BLOCK CONTACTOR,5
077-11,BLOCK CONTACTOR,39
080CPT,PROTECTOR PLASTICO,2
1SAE231111R0440,ESB25-40N-04 Installation Contactor,20
1SAE341111R0440,ESB40-40N-04 Installation Contactor,40
1SAE351111R0440,ESB63-40N-04 Installation Contactor,39
1SAM201901R1001,HKF1-11 Aux.-contact for frontmounting,111
1SAM201902R1001,HK1-11 Aux.-contact 1 NO + 1 NC,27
1SAM201903R1001,SK1-11 Signal Contact,10
1SAM201904R1007,UA1-415 Undervoltage release 415V,5
1SAM201906R1102,PS1-2-0-65 3-phase busbar,39
1SAM201906R1103,PS1-3-0-65 3-phase busbar,21
1SAM201906R1104,PS1-4-0-65 3-phase busbar,37
1SAM201906R1105,PS1-5-0-65 3-phase busbar,39
1SAM201906R1112,PS1-2-1-65 3-phase busbar,9
1SAM201906R1114,PS1-4-1-65 3-phase busbar,33
1SAM201911R1011,IB132-Y Enclosure  RD/YE  IP65,4
1SAM250000R1001,MS116-0.16 Manual Motor Starter  Rango de ajuste 0.1 ... 0.16A,2
1SAM250000R1002,MS116-0.25 Manual Motor Starter  Rango de ajuste 0.16 ... 0.25A,12
1SAM250000R1003,MS116-0.4 Manual Motor Starter  Rango de ajuste 0.25 ... 0.4A,11
1SAM250000R1004,MS116-0.63 Manual Motor Starter  Rango de ajuste 0.4 ... 0.63A,5
1SAM250000R1005,MS116-1.0 Manual Motor Starter  Rango de ajuste 0.63 ... 1.0A,10
1SAM250000R1006,MS116-1.6 Manual Motor Starter  Rango de ajuste 1.0 ... 1.6A,56
1SAM250000R1007,MS116-2.5 Manual Motor Starter  Rango de ajuste 1.6 ... 2.5A,43
1SAM250000R1008,MS116-4.0 Manual Motor Starter  Rango de ajuste 2.5 ... 4.0A,31
1SAM250000R1009,MS116-6.3 Manual Motor Starter  Rango de ajuste 4.0 ... 6.3A,128
1SAM250000R1010,MS116-10 Manual Motor Starter  Rango de ajuste 6.3 ... 10A,221
1SAM250000R1011,MS116-16 Manual Motor Starter  Rango de ajuste 10 ... 16A,121
1SAM250000R1012,MS116-12 Manual Motor Starter  Rango de ajuste 8.0 ... 12A,119
1SAM250000R1013,MS116-20 Manual Motor Starter  Rango de ajuste 16 ... 20 A,146
1SAM250000R1014,MS116-25 Manual Motor Starter  Rango de ajuste 20 ... 25 A,133
1SAM250000R1015,MS116-32 Manual Motor Starter  Rango de ajuste 25 ... 32 A,95
1SAM350000R1006,MS132-1.6 Manual Motor Starter  Rango de ajuste 1.0 ... 1.6A,10
1SAM350000R1007,MS132-2.5 Manual Motor Starter  Rango de ajuste 1.6 ... 2.5A,32
1SAM350000R1008,MS132-4.0 Manual Motor Starter  Rango de ajuste 2.5 ... 4.0A,29
1SAM350000R1009,MS132-6.3 Manual Motor Starter  Rango de ajuste 4.0 ... 6.3A,29
1SAM350000R1010,MS132-10 Manual Motor Starter  Rango de ajuste 6.3 ... 10A,12
1SAM350000R1011,MS132-16 Manual Motor Starter  Rango de ajuste 10 ... 16A,28
1SAM350000R1012,MS132-12 Manual Motor Starter  Rango de ajuste 8.0 ... 12A,31
1SAM350000R1013,MS132-20 Manual Motor Starter  Rango de ajuste 16 ... 20A,32
1SAM350000R1014,MS132-25 Manual Motor Starter  Rango de ajuste 20 ... 25A,28
1SAM350000R1015,MS132-32 Manual Motor Starter  Rango de ajuste 25 ... 32A,34
1SAM451000R1014,MS165-32 Manual motor starter,5
1SAM451000R1015,MS165-42 Manual motor starter  Rango de ajuste 30 - 42 A,52
1SAM451000R1016,MS165-54 Manual motor starter  Rango de ajuste 40 - 54 A,13
1SAM451000R1017,MS165-65 Manual motor starter  Rango de ajuste 52 - 65 A,19
1SAM451000R1018,MS165-73 Manual motor starter  Rango de ajuste 62 ... 73 A,17
1SAM451000R1019,MS165-80 Manual motor starter  Rango de ajuste 70 ... 80 A,17
1SAX101910R1001,DB19EF Single Mounting Kit for EF19,5
1SAX331001R1101,EF65-70 Electronic Overload Relay 25-70 A  Trip class adjustable,5
1SAX341001R1101,EF96-100 Electronic Overload Relay 36-100 A  Trip class adjustable,2
1SAX351001R1101,EF146-150 Electronic Overload Relay 54-150 A  Trip class adjustable,5
1SAX531001R1101,EF205-210 Electronic Overload Relay 63-210 A  Trip class adjustable,5
1SAX611001R1101,EF370-380 Electronic Overload Relay 115-380 A  Trip class adjustable,5
1SAZ211201R1040,RELEVADOR BIM RANGO 6.0-8.5A TA25DU ABB,1
1SAZ421201R1005,TA200DU-175 Thermal Overload Relay Trip class 10A  130-175A,15
1SAZ421201R1006,TA200DU-200 Thermal Overload Relay Trip class 10A  150-200A,16
1SAZ431201R1002,TF140DU-110 Thermal Overload Relay Trip class 10A  80-110A,24
1SAZ431201R1003,TF140DU-135 Thermal Overload Relay Trip class 10A  100-135A,12
1SAZ431201R1004,TF140DU-142 Thermal Overload Relay Trip class 10A  110-142A,7
1SAZ701902R0001,DB42 Single Mounting Kit for TF42,64
1SAZ711201R1028,T16-1.7 Thermal Overload Relay Trip class 10  1.30-1.70 A,20
1SAZ711201R1033,T16-3.1 Thermal Overload Relay Trip class 10  2.30-3.10 A,20
1SAZ721201R1021,TF42-0.74 Thermal Overload Relay Trip class 10  0.55-0.74 A,19
1SAZ721201R1023,TF42-1.0 Thermal Overload Relay Trip class 10  0.74-1.00 A,19
1SAZ721201R1025,TF42-1.3 Thermal Overload Relay Trip class 10  1.00-1.30 A,26
1SAZ721201R1028,TF42-1.7 Thermal Overload Relay Trip class 10  1.30-1.70 A,38
1SAZ721201R1031,TF42-2.3 Thermal Overload Relay Trip class 10  1.70-2.30 A,47
1SAZ721201R1033,TF42-3.1 Thermal Overload Relay Trip class 10  2.30-3.10 A,65
1SAZ721201R1035,TF42-4.2 Thermal Overload Relay Trip class 10  3.10-4.20 A,50
1SAZ721201R1038,TF42-5.7 Thermal Overload Relay Trip class 10  4.20-5.70 A,38
1SAZ721201R1040,TF42-7.6 Thermal Overload Relay Trip class 10  5.70-7.60 A,77
1SAZ721201R1043,RELEVADOR  6 A 8 AMP. 460V ABB,98
1SAZ721201R1045,TF42-13 Thermal Overload Relay Trip class 10  10.0-13.0 A,129
1SAZ721201R1047,TF42-16 Thermal Overload Relay,47
1SAZ721201R1049,TF42-20 Thermal Overload Relay Trip class 10  16.0-20.0 A,98
1SAZ721201R1051,TF42-24 Thermal Overload Relay Trip class 10  20.0-24.0 A,64
1SAZ721201R1052,TF42-29 Thermal Overload Relay Trip class 10  24.0-29.0 A,57
1SAZ721201R1053,TF42-35 Thermal Overload Relay Trip class 10  29.0-35.0 A,41
1SAZ721201R1055,TF42-38 Thermal Overload Relay Trip class 10  35.0-38.0/40.0 A,31
1SAZ801901R1001,DB65 Single mounting kit for TF65,10
1SAZ811201R1003,TF65-40 Thermal Overload Relay Trip Class 10  30-40A,11
1SAZ811201R1004,TF65-47 Thermal Overload Relay Trip Class 10  36-47A,13
1SAZ811201R1005,TF65-53 Thermal Overload Relay Trip Class 10  44-53A,7
1SAZ811201R1006,TF65-60 Thermal Overload Relay Trip Class 10  50-60A,24
1SAZ811201R1007,TF65-67 Thermal Overload Relay Trip Class 10  57-67A,15
1SAZ911201R1001,TF96-51 Thermal Overload Relay Trip Class 10  40-51A,14
1SAZ911201R1002,TF96-60 Thermal Overload Relay Trip Class 10  48-60A,11
1SAZ911201R1003,TF96-68 Thermal Overload Relay Trip Class 10  57-68A,12
1SAZ911201R1004,TF96-78 Thermal Overload Relay Trip Class 10  65-78A,12
1SAZ911201R1005,TF96-87 Thermal Overload Relay Trip Class 10  75-87A,14
1SAZ911201R1006,TF96-96 Thermal Overload Relay Trip Class 10  84-96A,14
1SBE121111R0120,ESB20-20N-01 Installation Contactor,140
1SBH136001R2022,NFZ22E-20 12-20VDC Contactor Relay,60
1SBH136001R2122,NFZ22E-21 24-60V50/60HZ 20-60VDC Contactor Relay,39
1SBH137001R1322,NF22E-13 100-250V50/60HZ-DC Contactor Relay,59
1SBH137001R1331,NF31E-13 100-250V50/60HZ-DC Contactor Relay,16
1SBL136001R2110,AF09Z-30-10-21 24-60V50/60HZ 20-60VDC Contactor,70
1SBL137001R1310,AF09-30-10-13 100-250V50/60HZ-DC Contactor,624
1SBL137001R1410,AF09-30-10-14 250-500V50/60HZ-DC Contactor,12
1SBL156001R2110,AF12Z-30-10-21 24-60V50/60HZ 20-60VDC Contactor,60
1SBL157001R1310,AF12-30-10-13 100-250V50/60HZ-DC Contactor,283
1SBL157001R1410,AF12-30-10-14 250-500V50/60HZ-DC Contactor,83
1SBL176001R2110,AF16Z-30-10-21 24-60V50/60HZ 20-60VDC Contactor,186
1SBL177001R1310,AF16-30-10-13 100-250V50/60HZ-DC Contactor,425
1SBL177001R1401,AF16-30-01-14 250-500V50/60HZ-DC Contactor,50
1SBL177001R1410,AF16-30-10-14 250-500V50/60HZ-DC Contactor,82
1SBL236001R2100,AF26Z-30-00-21 24-60V50/60HZ 20-60VDC Contactor,54
1SBL237001R1300,AF26-30-00-13 100-250V50/60HZ-DC Contactor,337
1SBL237001R1400,AF26-30-00-14 250-500V50/60HZ-DC Contactor,126
1SBL276001R2100,AF30Z-30-00-21 24-60V50/60HZ 20-60VDC Contactor,78
1SBL277001R1300,AF30-30-00-13 100-250V50/60HZ-DC Contactor,150
1SBL277001R1400,AF30-30-00-14 250-500V50/60HZ-DC Contactor,30
1SBL281024R8410,UA30-30-10RA 110V 50Hz / 110-120V 60Hz,51
1SBL296001R2100,AF38Z-30-00-21 24-60V50/60HZ 20-60VDC Contactor,30
1SBL297001R1300,CONTACTOR AF38-20-00-13 100-250V 60HZ/DC,32
1SBL297001R1400,AF38-30-00-14 250-500V50/60HZ-DC Contactor,24
1SBL347001R1100,AF40-30-00-11 24-60V50/60HZ 20-60VDC Contactor,41
1SBL347001R1300,AF40-30-00-13 100-250V50/60HZ-DC Contactor,60
1SBL347001R1400,AF40-30-00-14 250-500V50/60HZ-DC Contactor,36
1SBL367001R1100,AF52-30-00-11 24-60V50/60HZ 20-60VDC Contactor,34
1SBL367001R1300,AF52-30-00-13 100-250V50/60HZ-DC Contactor,19
1SBL367001R1400,AF52-30-00-14 250-500V50/60HZ-DC Contactor,53
1SBL367201R1300,AF52-40-00-13 100-250V50/60HZ-DC Contactor,10
1SBL387001R1100,AF65-30-00-11 24-60V50/60HZ 20-60VDC Contactor,11
1SBL387001R1300,AF65-30-00-13 100-250V50/60HZ-DC Contactor,70
1SBL387001R1400,AF65-30-00-14 250-500V50/60HZ-DC Contactor,29
1SBL397001R1100,AF80-30-00-11 24-60V50/60HZ 20-60VDC Contactor,26
1SBL397001R1300,AF80-30-00-13 100-250V50/60HZ-DC Contactor,68
1SBL397001R1400,AF80-30-00-14 250-500V50/60HZ-DC Contactor,39
1SBL397201R1300,AF80-40-00-13 100-250V50/60HZ-DC Contactor,14
1SBL407001R1100,AF96-30-00-11 24-60V50/60HZ 20-60VDC Contactor,13
1SBL407001R1300,AF96-30-00-13 100-250V50/60HZ-DC Contactor,10
1SBL407001R1400,AF96-30-00-14 250-500V50/60HZ-DC Contactor,26
1SBN010110R1001,CA4-01 Auxiliary Contact Block,333
1SBN010110R1010,CA4-10 Auxiliary Contact Block,485
1SBN010120R1011,CAL4-11 Auxiliary Contact Block,395
1SBN010140R1022,CA4-22E Auxiliary Contact Block,9
1SBN010140R1122,CA4-22M Auxiliary Contact Block,47
1SBN010151R1011,CAT4-11E Auxiliary Contact / Coil Terminal Block,15
1SBN010151R1111,CAT4-11M Auxiliary Contact / Coil Terminal Block,20
1SBN020112R1000,TEF4-ON Frontal Electronic Timer,2
1SBN030105T1000,VM4 Mechanical Interlock Unit,20
1SBN030111R1000,VEM4 Kit de bloqueo Mecanico y Electrico,92
1SBN033405T1000,VM96-4 Mechanical Interlock Unit,48
1SBN081306T1000,BEA16-4 Connecting Link with Manual Motor Starter,43
1SBN081311R1000,BER16-4 Connection Set for Reversing Contactors,57
1SBN082306T1000,BEA26-4 Connecting Link with Manual Motor Starter,88
1SBN082306T2000,BEA38-4 Connecting Link with Manual Motor Starter,68
1SBN082311R1000,BER38-4 Connection Set for Reversing Contactors  Terminales PI-Spring,57
1SBN083406R1000,BEA65-4 Connecting Link with Manual Motor Starter,24
1SBN083411R1000,BER65-4 Connection Set for Reversing Contactors,9
1SBV015914R3801,LS20P14B11-U01,6
1SBX102300R1300,DP CONTR  25A 3P  COIL208/240VAC,3
1SBX104300R1300,DP CONTR  40A 3P  COIL208/240VAC,3
1SCA022325R6710,OXP12X185 = 1SCA022325R6710 - Varilla para Manija Tipo Pistol  ø12x185mm para OT315…3150A  OS400…1250A,1
1SCA022589R3340,OHB125J12E011 PISTOL HANDLE,1
1SCA022627R6010,OFAF2H315 = 1SCA022627R6010 - Fusible 315A Tamaño Din/NH 2 Tipo gG/500V  120kA  DIN43620 Usos Generales,3
1SCA022627R6270,OFAF2H400 = 1SCA022627R6270 - Fusible 400A Tamaño Din/NH 2 Tipo gG/500V  120kA  DIN43620 Usos Generales,3
1SCA022627R7080,OFAF3H500 = 1SCA022627R7080 - Fusible 500A Tamaño Din/NH 3 Tipo gG/500V  120kA  DIN43620 Usos Generales,3
1SCA022627R7160,OFAF3H630 = 1SCA022627R7160 - Fusible 630A Tamaño Din/NH 3 Tipo gG/500V  120kA  DIN43620 Usos Generales,3
1SCA022771R8500,OT400E03CP,2
1SCA022772R6510,OT160E03CP,2
1SCA022785R6050,OT630E03CP,2
1SCA022785R6300,OT800E03CP,1
1SCA022845R8880,OTM200E3CM110V MOTORIZED C/O SWITCH,5
1SCA103567R1001,OTM630E3CM230C MOTORIZED C/O SWITCH,4
1SCA105074R1001,SWITCH-DISCONNECTOR,10
1SCA105234R1001,OHBS3AH SELECTOR HANDLE,20
1SCA113421R1001,Tarjeta electrónica para OTM - OME2PB-25,8
1SCA117037R1001,Puente aislado p OTM 40-125 Cable 70mm,15
1SCA120152R1001,Tarjeta electrónica para OTM - OME4PB-25,8
1SCA121246R1001,250VCD MOTOR SPARE PART,8
1SCA122946R1001,ODPS230 DUAL POWER SUPPLY,4
1SCA126054R1001,OTP100B3M,30
1SCA126069R1001,OTP100BA3M,15
1SDA013956R1,Juego de terminales para Cable  Tipo Borne Externo  FC CuAl  T6  para alojar cables 3 x 70...185mm2 (3/0...350 Kcmil)  hasta 800 A  6 Piezas,19
1SDA014031R1,MOTOR 120/127V S6,1
1SDA014041R1,COPRITERMINALI ALTI IVS6-T6,2
1SDA023384R1,KIT FC CuAl 3x185mm2 T6 800-S6 800 3 pzas,10
1SDA038286R1,YO relé de Apertura 24Vdc,1
1SDA038296R1,YC relé de Cierre 24V E1/6,1
1SDA038323R1,M Motor para carga de Resortes E1-6 130V,1
1SDA038327R1,10 AUX Contactos para instalarse en Emax Clásico para PR121 E1/6 (venta suelta),1
1SDA054117R1,T4N 320 A  Relevador PR221DS-LS/I  3 Polos  sin terminales,4
1SDA054121R1,T4N 320 PR221DS-LS/I In=320 4 Polos  F F,3
1SDA054317R1,T5N 400 A  Relevador PR221DS-LS/I  3 Polos  sin terminales,10
1SDA054349R1,T5H 400 A  Relevador PR221DS-LS/I  3 Polos  sin terminales,6
1SDA054396R1,T5N 630 A  Relevador PR221DS-LS/I  3 Polos  sin terminales,2
1SDA054413R1,T5H 630 PR221DS-I In=630 3 Polos  F F,8
1SDA054436R1,T5N 320 A  Relevador TMA  3 Polos  sin terminales,7
1SDA054437R1,T5N 400 A  Relevador TMA  3 Polos  sin terminales,3
1SDA054870R1,SOR-C  Relé de Apertura  24...30 V ca/cd para T4-T5-T6  Versión Cableada,4
1SDA054872R1,SOR-C  Relé de Apertura  110...127 V ca - 110...125 V cd  T4-T5-T6  Versión Cableada,11
1SDA054887R1,UVR-C  (YU) Bobina de Mínima Tensión  24...30 V ca/cd para T4-T5-T6  Versión Cableada,5
1SDA054890R1,UVR-C  Bobina de Mínima Tensión  110...127 V ca - 110...125 V cd para T4-T5-T6  Versión Cableada,6
1SDA054896R1,MOE  Mando Motor de Energía Acumulada -110...125 V ca/cd para T4-T5,1
1SDA054910R1,1 Contacto (conmutador) abierto/cerrado + 1 contacto (conmutador) de actuación del relé (disparado)  AUX-C 1Q 1SY. para uso a 250V ca/cd para T4-T5-T6*,7
1SDA054911R1,3 contactos (conmutador) abierto/cerrado + 1 contacto (conmutador) de actuación del relé (disparado)  AUX-C 3Q 1SY. para uso a 250V ca/cd para T4-T5-T6*,1
1SDA054929R1,Mando giratorio reenviado RHE normal para fijo y enchufable sobre T4-T5,1
1SDA054974R1,KIT F T4 6 Piezas,1
1SDA054986R1,Juego de terminales frontales FC CuAl para alojar cables de 6…185mm2 (10…350 Kcmil) para T4 hasta 320 A  6 Piezas (250A - UL Listed),21
1SDA055010R1,KIT F T5 6 Piezas,4
1SDA055022R1,Juego de terminales frontales FC CuAl para alojar 1 cable de 95...300mm2 (3/0…300 Kcmil) para T5 hasta 400 A  6 Piezas,31
1SDA055030R1,Juego de terminales frontales borne Externo FC CuAl para alojar 2 cables de 95...240mm2 (3/0...500 Kcmil) para T5 hasta 630 A  6 Piezas,27
1SDA055032R1,KIT FC CuAl 2x240mm2 T5 630 3 Piezas,14
1SDA055039R1,KIT ES T5 8 Piezas,4
1SDA055040R1,KIT ES T5 3 Piezas,24
1SDA055362R1,Kit FC Cu 2x240mm2 T5 630 6 Piezas,2
1SDA056146R1,E3N 3200 PR121/P-LSIG 3 Polos  F HR,1
1SDA058222R1,Rating PlugE1-E3 In= 800 A  Suministro Suelto para refaccionamiento,1
1SDA058951R1,E2N/MS 1600 3p F HR,1
1SDA060214R1,T6N 800 TMA 800-8000 3p F F,4
1SDA060218R1,T6H 800 A  Relevador TMA  3 Polos  sin terminales,3
1SDA060268R1,T6N 800 A  Relevador PR221DS-LS/I 3 Polos  sin terminales,2
1SDA060345R1,T6D 800 3 Polos  F F,1
1SDA060397R1,MOE  Mando Motor de Energía Acumulada  110...125 V ca/cd para T6,1
1SDA060537R1,T6N 1 000 A  Relevador PR221DS-LS/I 3 Polos  sin terminales (1SDX000235R1),4
1SDA060574R1,T6L 1000PR221DS-LS 3P FF,1
1SDA060594R1,T6D 1000 3 Polos  F F,4
1SDA060689R1,Juego de terminales FC CuAl para alojar hasta 4 cables de 70...150mm2 (3/0…250 Kcmil) para T6 hasta 1 000 A  6 Piezas,15
1SDA062065R1,SOR  T7-T7M  24-30 V ca/cd  Bobina de Apertura  Versión No Cableada,6
1SDA062076R1,SCR  T7M  24-30 V ca/cd  Bobina de Cierre  Versión No Cableada,2
1SDA062101R1,2Q Contactos Auxiliares (Abierto/Cerrado) 2 NA/NC  24 cd para T7  T7M  X1,6
1SDA062113R1,M  Motor para carga de resortes: 24-30 Vca/cd para T7M (motorizable),4
1SDA062170R1,Terminal (clema) bolsa con 1 Pza  Clema para conexión para accesorios eléctricos en T7 y T7M.,1
1SDA062738R1,T7S 1 000 A  Relevador PR231 R1000 LS/I  3 Polos  sin terminales,1
1SDA062898R1,T7H 1 250 A  Relevador PR231 LS/I  R1250  3 Polos  sin terminales,5
1SDA062994R1,T7S 1600 PR231/P LS/I In=1600A 3p F F,2
1SDA063091R1,Cubrebornes Aislantes altos - HTC T7 - T7M - 3 Polos  para T7,1
1SDA063114R1,Juego de terminales FC CuAl para alojar hasta 4 cables de 120...240mm2 (250...500 Kcmil) para T7 y X1 hasta 1 600 A  6 Piezas,4
1SDA063547R1,SOR  Relé de Apertura  110-127 Vca  110-125 Vcd para T7-T7M  Versión No Cableada,10
1SDA066241R1,Kit terminales para cable tipo FC CuAl A1 125A (1 x 50mm2 = 1 AWG) Incluye: 2Piezas,1
1SDA066322R1,SOR-C XT1 - XT4  24-30V ca/cd. Bobina de apertura Cableada 1m.,4
1SDA066324R1,SOR-C 110-127V ca/ 110…125V cd XT1-XT2-XT3-XT4  Bobina de apertura Cableada 1m,16
1SDA066325R1,SOR-C XT1..XT4 F/P 220-240Vac-220-250Vdc. Bobina de Apertura. Cableada.,8
1SDA066420R1,KIT DIN50022 XT3 3 Polos  PLATE DIN,14
1SDA066431R1,AUX-C  1Q+1SY: Juego de contactos Auxiliares cableados (1m)  250Vca XT1-XT2-XT3-XT4  XT5  XT6  (Q= abierto/ cerrado  SY =disparado),13
1SDA066433R1,AUX-C  2Q+1SY  Juego de contactos Auxiliares cableados (1m)  250Vca  XT1-XT2-XT3-XT4  XT5  XT6  (Q= abierto/ cerrado  SY =disparado),3
1SDA066434R1,AUX-C  3Q+1SY  Juego de contactos Auxiliares cableados (1m)  250Vca  XT1-XT2-XT3-XT4  XT5  XT6  (Q= Posición= abierto/ cerrado  SY =disparado),7
1SDA066446R1,AUX-C  Juego de contactos Auxiliares cableados (1m)  1Q+1SY  24Vcd  XT1-XT2-XT3-XT4,20
1SDA066459R1,MOD Mando solenoide sobrepuesto110…125 V ca/cd XT1-XT3,38
1SDA066475R1,RHD  Mando giratorio directo  XT1-XT3.,9
1SDA066479R1,RHE Mando giratorio reenvíado para XT1-XT3 para la puerta  incluye Base  Manija y Varilla de 46 cm,16
1SDA066504R1,A1N 125 TMF 80-800 2p F F,4
1SDA066579R1,Mando giratorio reenvíado lateral izquierdo para XT1-XT3,19
1SDA066624R1,MOL-S XT1-XT3 BL.RONIS CHIAVI UG Tipo A,10
1SDA066652R1,KIT DIN50022 XT1 3 Polos  PLATE DIN,45
1SDA066664R1,HTC - XT1  3 Polos  Cubrebornes aislantes Altos  incluye 2 Piezas,5
1SDA066670R1,CUBRE-BORNES ALTOS TRIPOLAR 2P CS XT4,3
1SDA066676R1,PB100  Diafragmas separadores  Tipo PB100 bajos  (H=100mm)  4 Piezas  3 Polos para XT1-XT3,8
1SDA066678R1,PB200  Diafragmas separadores  Tipo PB200 bajos  (H=200mm)  4 Piezas  3 Polos para XT1-XT3,5
1SDA066799R1,XT1B 160 TMD 16-450 3 Polos  F F,25
1SDA066800R1,XT1B 160 TMD 20-450 3 Polos  F F,2
1SDA066809R1,XT1B 160 TMD 160-1600 3 Polos  F F,4
1SDA066865R1,KIT EF XT1 3 Piezas,9
1SDA066889R1,KIT ES XT1 3 Piezas,5
1SDA066905R1,KIT FC Cu XT1 3 Piezas,2
1SDA066907R1,Juego de terminales para cables de Cobre FC Cu  50mm2 (14...1 AWG) para XT1 hasta 125 A  6 Piezas,424
1SDA066921R1,KIT MC CuAl 6x2.5...35mm2 XT1 3 Piezas,3
1SDA066927R1,KIT MC CuAl 6x2.5...35mm2 XT2 6 Piezas,3
1SDA066929R1,KIT MC CuAl 6x2.5...35mm2 XT3 3 Piezas,3
1SDA067115R1,KIT W MP RC XT4 4 Polos  Transformación de RC Sel de enchufable a extraíble.,3
1SDA067131R1,RC Sel x XT4 4 Polos  F Relé diferencial  Incluye Bobina de apertura para XT4,2
1SDA067151R1,Juego de 3 terminales para cables  Tipo: Borne Interno  para cables de Cobre FC CuAl  70mm2 (14...1 AWG) para XT1 hasta 125A  (3 Piezas) (Los Cubrebornes se cotizan por separado),52
1SDA067155R1,Juego de 3 terminales para cable  Tipo: borne Externo  para alojar 1 cable de cobre-aluminio (CuAl)  desde 35 hasta 95mm2 (1 - 3/0 AWG) para XT1 hasta 160 A  (Los Cubrebornes se cotizan por separado),32
1SDA067157R1,Juego de 6 terminales para cable  Tipo: borne Externo  para alojar 1 cable de cobre-aluminio (CuAl)  desde 35 hasta 95mm2 (1 - 3/0 AWG) para XT1 hasta 160 A. Los Cubrebornes se cotizan por separado),179
1SDA067159R1,KIT FC CuAl 1x120...240mm2 XT1 3 Piezas +ADP,2
1SDA067160R1,KIT FC CuAl 1x120...240mm2 XT1 4 Piezas +ADP,11
1SDA067163R1,KIT de terminales para cable XT2  FC CuAl  Calibre 3/0 (1x 2.5...95mm2)  3 Piezas  Borne Interno  (No Incluye Cubrebornes  se cotizan por separado),1
1SDA067167R1,KIT de terminales para Cable tipo FC CuA,3
1SDA067179R1,Juego de 3 terminales FC CuAl XT3  para alojar cable 1x90...185mm2 (4/0...350 kCM) para XT3 hasta 250 A  (3 Piezas)  (Los Cubrebornes se cotizan por separado),5
1SDA067181R1,Juego de 6 terminales FC CuAl XT3  para alojar cable 1x90...185mm2 (4/0...350 kCM) para XT3 hasta 250 A  (6 Piezas)  (Los Cubrebornes se cotizan por separado),86
1SDA067183R1,Juego de 3 terminales FC CuAl XT3  para alojar cable 1x90...185mm2 + ADP (4/0...350 kCM) para XT3 hasta 250 A  3 Piezas  (Los Cubrebornes se cotizan por separado),7
1SDA067185R1,Juego de 6 terminales FC CuAl XT3  para alojar cable 1x90...185mm2 + ADP (4/0...350 kCM) para XT3 hasta 250 A  6 Piezas  (Los Cubrebornes se cotizan por separado),15
1SDA067191R1,Juego 3 terminales para alojar 1 cable de Cobre/Aluminio (CuAl) de 2.5 hasta 185mm2 (hasta 300 kcmil) para XT4 hasta 250 A  3 Piezas  (Los Cubrebornes se cotizan por separado),2
1SDA067193R1,Juego 6 terminales para alojar 1 cable de Cobre/Aluminio (CuAl) de 2.5 hasta 185mm2 (hasta 300 kcmil) para XT4 hasta 250 A  6 Piezas  (Los Cubrebornes se cotizan por separado),1
1SDA067197R1,Juego 6 zapatas para alojar 1 cable de cobre-aluminio (CuAl) de 150 hasta 240mm2 (300 -400 kcmil)  + ADP  para XT4 hasta 250 A  6 Piezas  (Los Cubrebornes se cotizan por separado),7
1SDA067391R1,XT1C 160 TMD 25-450 3 Polos  F F,24
1SDA067392R1,XT1C 160 TMD 32-450 3 Polos  F F,58
1SDA067393R1,XT1C 160 TMD 40-450 3 Polos  F F,175
1SDA067394R1,XT1C 160 TMD 50-500 3 Polos  F F,170
1SDA067395R1,XT1C 160 TMD 63-630 3 Polos  F F,85
1SDA067396R1,XT1C 160 TMD 80-800 3p F F,71
1SDA067397R1,XT1C 160 TMD 100-1000 3 Polos  F F,85
1SDA067398R1,XT1C 160 TMD 125-1250 3 Polos  F F,111
1SDA067399R1,XT1C 160 TMD 160-1600 3 Polos  F F,81
1SDA067411R1,Interruptor Tmax XT1N  32 A  3 Polos  Relevador TMD. No Incluye terminales para Cable,20
1SDA067412R1,Interruptor Tmax XT1N  40 A  3 Polos  Relevador TMD. No Incluye terminales para Cable,24
1SDA067413R1,Interruptor Tmax XT1N  50 A  3 Polos  Relevador TMD. No Incluye terminales para Cable,23
1SDA067414R1,Interruptor Tmax XT1N  63 A  3 Polos  Relevador TMD. No Incluye terminales para Cable,18
1SDA067415R1,XT1N 160 TMD 80-800 3p F F,25
1SDA067416R1,Interruptor Tmax XT1N  100 A  3 Polos  Relevador TMD. No Incluye terminales para Cable,26
1SDA067417R1,Interruptor Tmax XT1N  125 A  3 Polos  Relevador TMD. No Incluye terminales para Cable,115
1SDA067418R1,XT1N 160 TMD 160-1600 3p F F,50
1SDA067435R1,Interruptor Tmax XT1S  125 A  3 Polos  Relevador TMD. No Incluye terminales para Cable,5
1SDA067436R1,XT1S 160 TMD 160-1600 3p F F,4
1SDA067449R1,Interruptor Tmax XT1H  50 A  3 Polos  Relevador TMD. No Incluye terminales para Cable,5
1SDA067452R1,Interruptor Tmax XT1H  100 A  3 Polos  Relevador TMD. No Incluye terminales para Cable,12
1SDA067453R1,Interruptor Tmax XT1H  125 A  3 Polos  Relevador TMD. No Incluye terminales para Cable,4
1SDA067454R1,Interruptor Tmax XT1H  160 A  3 Polos  Relevador TMD. No Incluye terminales para Cable,11
1SDA067594R1,XT2H 160 TMD 16-300 3 Polos  F F,2
1SDA068055R1,XT3N 250 TMD 100-1000 3 Polos  F F,5
1SDA068056R1,XT3N 250 TMD 125-1250 3 Polos  F F,6
1SDA068057R1,XT3N 250 TMD 160-1600 3 Polos  F F,7
1SDA068058R1,XT3N 250 TMD 200-2000 3 Polos  F F,33
1SDA068059R1,XT3N 250 TMD 250-2500 3 Polos  F F,29
1SDA068090R1,XT4N 250 TMA 200-2000 3 Polos  F F,10
1SDA068091R1,XT4N 250 TMA 225-2250 3 Polos  F F,1
1SDA068092R1,XT4N 250 TMA 250-2500 3 Polos  F F,3
1SDA068210R1,XT3D 250 3 Polos  F F,3
1SDA068218R1,XT3S 250 TMD 125-1250 3 Polos  F F,1
1SDA068220R1,XT3S 250 TMD 200-2000 3 Polos  F F,2
1SDA068221R1,XT3S 250 TMD 250-2500 3 Polos  F F,9
1SDA068312R1,XT4S 250 TMA 250-2500 3 Polos  F F,8
1SDA068342R1,XT4H 160 TMA 160-1600 3 Polos  F F,1
1SDA068343R1,XT4H 250 TMA 200-2000 3 Polos  F F,2
1SDA068345R1,XT4H 250 TMA 250-2500 3 Polos  F F,5
1SDA068474R1,XT4S 160 Ekip LS/I In=160A 3 Polos  F F,1
1SDA068756R1,A1N 125 TMF 32-320 2p F F (IEC),1
1sda069606r1,XT4N 160 Ekip E-LSIG In=40A 4 Polos  F F,2
1sda069607r1,XT4N 160 Ekip E-LSIG In=63A 4 Polos  F F,1
1SDA070841R1,E1.2N 1250 Ekip Dip LI 3 Polos  F F,1
1SDA070843R1,E1.2N 1250 Ekip Dip LSIG 3 Polos  FF,1
1SDA070881R1,E1.2N 1600 Ekip Dip LI 3p F F,2
1SDA070889R1,E1.2N 1600 Hi-Touch LSIG 3 Polos  FF,1
1SDA070951R1,E2.2N 1250 Ekip Dip LI 3 Polos  Fijo  HR,2
1SDA070993R1,E2.2N 1600 Ekip Dip LSIG 3 Polos  Fijo  HR,1
1SDA071031R1,E2.2N 2000 Ekip Dip LI 3 Polos  Fijo  HR,3
1SDA071061R1,E2.2N 2500 Ekip Dip LI 3 Polos  Fijo  HR,2
1SDA071141R1,E4.2N 3200 Ekip Dip LI 3 Polos  Fijo  HR,1
1SDA071193R1,E4.2N 4000 Ekip Dip LSIG 3 Polos  Fijo  HR,2
1SDA071229R1,E4.2V 4000 Ekip Hi-Touch LSIG  protecciones Avanzadas y Analizador de Redes  3 Polos  Fijo  HR,1
1SDA072301R1,E2.2N 1250 Ekip Dip LI 3 Polos  (WMP = Parte móvil de Interruptor Extraíble),1
1SDA072349R1,E2.2N 1600 Hi-Touch LSIG 3 Polos  WMP,1
1SDA072413R1,E2.2N 2500 Ekip Dip LSIG 3p WMP,1
1SDA073412R1,E2.2N/MS 2000 3 Polos  F HR,3
1SDA073560R1,T7D/PV-E 1250 4 PolosF F M 1500VDC,2
1SDA073561R1,T7D/PV-E 1600 4 Polos  F F M 1500V DC,3
1SDA073672R1,YO E1.2..E6.2 110-120 Vac/dc,6
1SDA073673R1,YO  Bobina de Apertura  XT7  XT7M  E1.2-E6.2  120-127Vac/dc,17
1SDA073681R1,YC  Bobina de Cierre  XT7M  E1.2-E6.2  24Vac/dc,13
1SDA073686R1,YC  Bobina de Cierre  XT7M  E1.2-E6.2  120-127Vac/dc,22
1SDA073694R1,YU  Bobina de Mínima Tensión  XT7  XT7M  E1.2-E6.2  24Vac/dc,3
1SDA073699R1,YU  Bobina de Mínima Tensión  XT7  XT7M  E1.2-E6.2  120-127Vac/dc,5
1SDA073708R1,M  Motor Carga de Resortes  E1.2 24-30Vac/dc  Incluye S33 M/2= Contacto de indicación de Resortes cargados (250V),7
1SDA073710R1,M  Motor Carga de Resortes  E1.2 100-130Vac/dc  Incluye S33 M/2= Contacto de indicación de Resortes cargados (250V),13
1SDA073722R1,M  Motor Carga de Resortes  E2.2...E6.2 24-30Vac/dc. Incluye S33 M/2= Contacto de indicación de Resortes cargados (400V),8
1SDA073724R1,M  Motor Carga de Resortes  E2.2-E6.2 100-130Vac/dc. Incluye S33 M/2= Contacto de indicación de Resortes cargados (400V),10
1SDA073736R1,Sensor de corriente Neutro Externo  4to polo  para protección G  Falla a tierra  E1.2 y E2.2 - 2000A. (Incluye 3 mts de cable),6
1SDA073738R1,Sensor de corriente Neutro Externo  4to polo  para protección G  Falla a tierra  E4.2 - 3200A. (Incluye 3 mts de cable),3
1SDA073739R1,Sensor de corriente Neutro Externo  4to polo  para protección G  Falla a tierra  E4.2 - 4000A y E6.2-50%. (Incluye 3 mts de cable),1
1SDA073756R1,AUX 6Q 400V E2.2-E6.2  (tipo C= NA/NC) contactos Auxiliares de indicación  interruptor Abierto o Cerrado (para ser Instalados) Los Interruptores con protección ya incluye 4Q auxiliares  con este accesorios 6Q se complementa a 10 contacto auxiliares,1
1SDA073862R1,IP30 Marco para puerta Interruptor Fijo (Refacción) E1.2 F,2
1SDA073864R1,IP30 Marco para puerta Interruptor Fijo (Refacción) E2.2...E6.2 F,1
1SDA073885R1,Cable interlock (juego de Chicotes para aplicación Transferencia)  Tipo: A Normal-Emergencia  Arreglo Vertical en 1 columna   E1.2...E6.2,1
1SDA073890R1,Lever interlock (Accesorios de Bloqueo Interno) Interruptor E4.2,1
1SDA073909R1,Cuna ó Parte Fija E2.2 (B N S H)  hasta Iu=2000A  3 Polos  terminales para Barra en horizontal y orientables (HR HR)  Incluye Manivela para inserción manual y Persianas de seguridad para evitar Arqueos  (IEC),3
1SDA073973R1,Kit terminales F E1.2 F 3 Piezas  suministro suelto,2
1SDA073989R1,Kit terminales HR/VR E1.2 F 3Pz  suministro suelto,10
1SDA074001R1,Juego de terminales para Cable  FC CuAl  E1.2  Fijo  Tipo Borne Externo  para alojar cables 4 x 120...240mm2 (250...500 Kcmil)  hasta 1 600 A (3 Piezas),13
1SDA074150R1,Ekip Com Modbus RS-485  para Emax 2 tamaños E1.2..E6.2  (Modbus RTU),8
1SDA074151R1,Ekip Com Modbus TCP  para Emax 2 tamaños E1.2..E6.2 (Conexión a cable de Red  Conector RJ45),2
1SDA074152R1,Ekip Com Profibus  E1.2..E6.2,1
1SDA074172R1,Fuente de Alimentación (Módulo Ekip Supply)  110-240VAC/DC  E1.2 - E6.2  XT2  XT4  XT5  XT7  XT7M y CARTRIDGE. Recomendado  cuando el interruptor esta abierto y requieren configurar o ver parámetros en pantalla; y obligatorio para uso de protocolos de comunicación. Requiere alimentación eléctrica externa de 110-240Vac/dc.,6
1SDA074192R1,EKIP Multimeter Display_ unidad de visualización de los parámetros según el interruptor al que este conectado  para XT2/XT4/XT7/XT7M-E1.2...E6.2 (Instar 1 Ekip-Multimeter por interruptor)  no requiere de sensores de corriente adicionales. Funciona por Local Bus,2
1SDA074914R1,XT25S 125 E KIP LS/I IN=125 3P,1
1SDA075399R1,XT4H 250 EKIP LS/I=250 3P,1
1SDA076572R1,KIT INSTALACION SIN MARCO PARA TRIPOLAR,2
1SDA076573R1,KIT DE INSTALACION SIN MARCO PARA TRIPOL,1
1SDA077280R1,E2.2N-A 1600 Ekip Dip LSIG 3p FHR,1
1SDA079706R1,Cuna UL  Cradle UL  E6.2-A W FP Iu=5000 3 Polos  HR HR UL,1
1SDA080825R1,XT1C 160 TMD 16-450 3 Polos  F F,20
1SDA080826R1,XT1C 160 TMD 20-450 3p F F,35
1SDA080827R1,Interruptor Tmax XT1N  16A  3 Polos  Relevador TMF. No Incluye terminales para Cable,20
1SDA080828R1,Interruptor Tmax XT1N  20A  3 Polos  Relevador TMF. No Incluye terminales para Cable,23
1SDA080829R1,Interruptor Tmax XT1N  25 A  3 Polos  Relevador TMD. No Incluye terminales para Cable,22
1SDA080830R1,Interruptor Tmax XT1S  16A  3 Polos  Relevador TMF. No Incluye terminales para Cable,2
1SDA080831R1,Interruptor Tmax XT1S  20A  3 Polos  Relevador TMF. No Incluye terminales para Cable,1
1SDA080833R1,Interruptor Tmax XT1S  32 A  3 Polos  Relevador TMD. No Incluye terminales para Cable,1
1SDA080835R1,XT1H160TMF16-4503pFF,5
1SDA080837R1,Interruptor Tmax XT1H  25 A  3 Polos  Relevador TMD. No Incluye terminales para Cable,10
1SDA080838R1,Interruptor Tmax XT1H  32 A  3 Polos  Relevador TMD. No Incluye terminales para Cable,1
1SDA082136R1,Sensor de Neutro Externo 4to Polo  E6.2 100% UL. (Incluye 3 mts Cable),1
1SDA085585R1,CONEXION ANTERIOR POR CABLES,2
1SDA100344R1,Interruptor XT5N 400 TMA  In=320A  3 Polos. No Incluye terminales para Cable,12
1SDA100345R1,Interruptor XT5N 400 TMA  In=400A  3 Polos. No Incluye terminales para Cable,18
1SDA100346R1,Interruptor XT5N 630 TMA  In=500A  3 Polos. No Incluye terminales para Cable,9
1SDA100347R1,Interruptor XT5N 630 TMA  In=630A  3 Polos. No Incluye terminales para Cable,9
1SDA100352R1,Interruptor XT5N 400 Ekip Dip LS/I In=250A  3 Polos  No Incluye terminales para Cable,5
1SDA100353R1,Interruptor XT5N 400 Ekip Dip LS/I In=320A  3 Polos  No Incluye terminales para Cable,9
1SDA100354R1,Interruptor XT5N 400 Ekip Dip LS/I In=400A  3 Polos  No Incluye terminales para Cable,13
1SDA100355R1,Interruptor XT5N 630 Ekip Dip LS/I In=630A  3 Polos  No Incluye terminales para Cable,7
1SDA100361R1,Interruptor XT5N 400 Ekip Dip LSIG In=320A  3 Polos  No Incluye terminales para Cable,5
1SDA100486R1,Interruptor XT5H 630 TMA  In=500A  3 Polos. No Incluye terminales para Cable,3
1SDA100487R1,Interruptor XT5H 630 TMA  In=630A  3 Polos. No Incluye terminales para Cable,6
1SDA100491R1,Interruptor XT5H 630 Ekip Dip LS/I In=630A  3 Polos  No Incluye terminales para Cable,3
1SDA100718R1,Interruptor XT6N 800 TMA In=800A  3 Polos. No Incluye terminales para Cable,7
1SDA100719R1,Breaker XT6N 800 Ekip Dip LS/I In=800 3p,6
1SDA100720R1,Interruptor XT6N 1000 Ekip Dip LS/I In=1000A  3 Polos  No Incluye terminales para Cable,7
1SDA100721R1,XT6N 800 Ekip Dip LSI In=800 3p F F,2
1SDA100740R1,Interruptor XT6S 800 TMA 800-8000A  3 Polos  No Incluye terminales para Cable,2
1SDA100762R1,Interruptor XT6H 800 TMA 800A  3 Polos  No Incluye terminales para Cable,5
1SDA100763R1,Interruptor XT6H 800 Ekip Dip LS/I In=800A  3 Polos  No Incluye terminales para Cable,6
1SDA100767R1,XT6H 800 Ekip Dip LSIG In=800 3p F F,2
1SDA100827R1,XT7S 1000 Ekip Dip LS/I In=1000A 3p F F,4
1SDA100828R1,Interruptor XT7S 1250 Ekip Dip LS/I In=1250A  3 Polos  No Incluye terminales para Cable,7
1SDA100829R1,XT7S 1600 Ekip Dip LS/I In=1600A 3p F F,5
1SDA100835R1,Interruptor XT7S 1000 Ekip Dip LSIG In=1000A  3 Polos  No Incluye terminales para Cable,1
1SDA100891R1,XT7H 1000 Ekip Dip LS/I In=1000A 3p F F,3
1SDA100893R1,Interruptor XT7H 1600 Ekip Dip LS/I In=1600A  3 Polos  No Incluye terminales para Cable,4
1SDA100955R1,XT7L 1000 Ekip Dip LS/I In=1000A 3p F F,2
1SDA101123R1,Interruptor XT7S 1000 Ekip Dip LSIG In=1000A 4 Polos  F F,4
1SDA101914R1,XT7D M 1600 3p F F,1
1SDA102679R1,XT5N 400 BREAKING PART 3P,1
1SDA104729R1,CABLES RACK PARA INTERRUPTOR XT5-ST6,1
1SDA104742R1,KIT FC CuAl. Juego de terminales para Cable  Tipo Borne Interno  (Cobre  Aluminio)  XT5  para alojar cable 1 x 120…240mm2 (250…500 Kcmil)  hasta 350A  3 Polos  3 Piezas,10
1SDA104744R1,KIT FC CuAl. Juego de terminales para Cable  Tipo Borne Interno  (Cobre  Aluminio)  XT5  para alojar cable 1 x 185...300mm2 (3/0…600 Kcmil)  hasta 400A  3 Polos  3 Piezas,63
1SDA104746R1,KIT FC CuAl. Juego de terminales para Cable  Tipo Borne Interno  (Cobre  Aluminio)  XT5  para alojar cable 1 x 35…180mm2 (2AWG…350 Kcmil)  hasta 300A  3 Polos  3 Piezas,10
1SDA104748R1,KIT FC CuAl. Juego de terminales para Cable  Tipo Borne Externo  (Cobre  Aluminio)  XT5  para alojar cable 2 x 95…240mm2 (3/0…500 Kcmil)  hasta 630A  3 Polos  3 Piezas,82
1SDA104750R1,KIT FC CuAl 2x120...240mm2 XT6 3pcs,10
1SDA104752R1,KIT FC CuAl. Juego de terminales para Cable  Tipo Borne Externo  (Cobre  Aluminio)  XT6  para alojar cable 3 x 35…180mm2 (2AWG…350 Kcmil)  hasta 800A  3 Polos  3 Piezas,64
1SDA104754R1,KIT FC CuAl. Juego de terminales para Cable  Tipo Borne Externo  (Cobre  Aluminio)  XT6  para alojar cable 4 x 70…150mm2 (3/0...350 Kcmil)  hasta 1000A  3 Polos  3 Piezas,19
1SDA104756R1,KIT FC CuAl 2x240mm2 XT7/XT7M 3 Piezas,1
1SDA104758R1,KIT FC CuAl. XT7-XT7M  Juego de terminales para Cable  Tipo Borne Externo  (Cobre  Aluminio)  para alojar cable 4 x 120…240mm2 (3/0…500 Kcmil)  hasta 1600A(IEC)  hasta 1200A(UL)  3 Polos  3 Piezas,69
1SDA104759R1,KIT F CCuAl 4x240mm2/500kcmil XT7/M F 4 Piezas,14
1SDA104832R1,RHD  XT6  Mando giratorio normal directo al Interruptor  (Bloqueo hasta para usar 3 candados) para interruptor Tipos Fijo y enchufable,5
1SDA104843R1,RHE - XT5  Mando renviado  incluye  Base  Varilla Longitud=50cm y Manija estandar (bloqueo hasta para usar 3 candados) para Fijo/Enchufable,13
1SDA104853R1,RHE - XT6   Mando renviado  incluye  Base  Varilla Longitud=50cm y Manija estandar (bloqueo hasta para usar 3 candados) para Fijo/Enchufable,2
1SDA104863R1,RHE  XT7  Mando renviado  incluye  Base  Varilla Longitud=60cm y Manija estandar (bloqueo hasta para usar 3 candados) para Fijo/Enchufable,5
1SDA104879R1,MOE  XT5  24V DC  Mando motorizado de Energía Acumulada  permite Abrir y Cerrar el Interruptor por Operación Eléctrica  Automático  Manual  Bloqueo eléctrico y por candado,4
1SDA104883R1,MOE  XT5  110…125V AC/DC  Mando motorizado de Energía Acumulada  permite Abrir y Cerrar el Interruptor por Operación Eléctrica  Automático  Manual  Bloqueo eléctrico y por candado,6
1SDA104889R1,MOE  XT6  24V DC  Mando motorizado de Energía Acumulada  permite Abrir y Cerrar el Interruptor por Operación Eléctrica  Automático  Manual  Bloqueo eléctrico y por candado,6
1SDA104893R1,MOE  XT6  110...125V AC/DC  Mando motorizado de Energía Acumulada  permite Abrir y Cerrar el Interruptor por Operación Eléctrica  Automático  Manual  Bloqueo eléctrico y por candado,5
1SDA105004R1,PB - 200mm - XT5  3 Polos  Separadores de Fases  Incluye 4 Pzas,2
1SDA105018R1,LTC - XT5  3 Polos  Cubrebornes Aislantes Bajos  Incluye 2 Pzas,6
1SDA105020R1,LTC - XT6  3 Polos  Cubrebornes Aislantes Bajos  Incluye 2 Pzas,6
1SDA105025R1,CUBRE-BORNES ALTOS TRIPOLAR XT5,11
1SDA105027R1,HTC - XT6  3 Polos  Cubrebornes Aislantes Altos  Incluye 2 Pzas,10
1SDA105147R1,Modul Micro I/O XT5,3
1SDA107473R1,KIT terminales EF XT6  3 Piezas  1000A  Barras Alargadas,6
1SDA107561R1,Interruptor XT6N 800 TMA 630-6300A  3 Polos  No Incluye terminales para Cable,13
1SDA107562R1,Interruptor XT6N 800 Ekip Dip LS/I In=630A  3 Polos  No Incluye terminales para Cable,2
1SDA107587R1,Interruptor XT6H 800 TMA 630A  3 Polos  No Incluye terminales para Cable,5
1SDA112846R1,Rating Plug 800 E1.2..E6.2 (Black),1
1SDA112850R1,Rating Plug  E1.2-E6.2  1600A (Unidad de protección color Negro) Suministro suelto,6
1SDA123475R1,AUX 6Q 400V E2.2-E6.2  (tipo C= NA/NC) contactos Auxiliares de indicación  Interruptor Abierto o Cerrado (para ser Instalados),7
1SDH002011A1002,TmaxXT5S400,1
1SDR001655A1801,CONNECTION 24 VDC AND INTERNAL BUS,3
1SDR002042A1801,KIT FIXED SCREW,1
1SDR003219A1801,KIT TERM. F 3P XT5,4
1SDR003771A1801,NUT AND PLASTIC CAP ASSEMBLY III,1
1SDR003965A1801,KIT ORIGIN-VITI FISSAGGIO RELE,3
1SDX051541R1,NEXT1H 125 TMF 20-500 3P F F UL/CSA,3
1SDX051543R1,NEXT1H 125 TMF 30-500 3P F F UL/CSA,4
1SDX051549R1,NEXT1H 125 TMF 70-700 3P F F UL/CSA,2
1SDX051554R1,NEXT1H 125 TMF 125-1250 3P F F UL/CSA,2
1SDX051617R1,NEXT4H 250 EKIP LS/I IN=150A 3P F F UL/C,4
1SEP101890R0002,XLP00-6BC 160A = 1SEP101890R0002 - Seccionador portafusible XLP00  3 polos 160A  Seccionador portafusible XLP00  3 polos 160A,19
1SEP101891R0002,XLP1-6BC = 1SEP101891R0002 - Seccionador portafusible XLP1  3 polos 250A  Seccionador portafusible XLP1  3 polos 250A,18
1SEP101892R0002,XLP2-6BC = 1SEP101892R0002 -Seccionador Portafusible XLP2 para Fusible Europeo tamaño 2 Tipo NH/DIN43620 maximo 400A/690 V montaje en platina,12
1SEP101975R0002,XLP3-6BC = 1SEP101975R0002 - Seccionador Portafusible XLP3 para Fusible Europeo tamaño 3 Tipo NH/DIN43620 maximo 630A/690 V montaje en platina,15
1SEP201428R0001,XLP000-6CC = 1SEP201428R0001 - Seccionador portafusible XLP000  3 polos 160A  Seccionador portafusible XLP000  3 polos 160A,46
1SFA611100R1001,MP1-10R Botón pulsador rojo momentáneo no ilum. rasante  agregar holder  contactos Serie Modular,231
1SFA611100R1002,MP1-10G Botón pulsador verde momentáneo no ilum. rasante  agregar holder  contactos Serie Modular,200
1SFA611100R1003,MP1-10Y Botón pulsador amarillo momentáneo no ilum. rasante  agregar holder  contactos Serie Modular,114
1SFA611100R1004,MP1-10L Botón pulsador azul momentáneo no ilum. rasante  agregar holder  contactos Serie Modular,105
1SFA611100R1006,MP1-10B Botón pulsador negro momentáneo no ilum. rasante  agregar holder  contactos Serie Modular,84
1SFA611100R1101,MP1-11R Botón pulsador rojo momentáneo ilum. rasante  agregar LED/foco  holder  contactos Serie Modular,197
1SFA611100R1102,MP1-11G Botón pulsador verde momentáneo ilum. rasante  agregar LED/foco  holder  contactos Serie Modular,174
1SFA611100R1103,MP1-11Y Botón pulsador amarillo momentáneo ilum. rasante  agregar LED/foco  holder  contactos Serie Modular,116
1SFA611100R1104,MP1-11L Botón pulsador azul momentáneo ilum. rasante  agregar LED/foco  holder  contactos Serie Modular,167
1SFA611100R1105,MP1-11W Botón pulsador Blanco momentáneo ilum. rasante  agregar LED/foco  holder  contactos Serie Modular,27
1SFA611130R1106,MPD1-11B Botón doble rojo-verde no ilum. rasante  agregar holder  contactos Serie Modular,269
1SFA611130R1108,MPD1-11C Botón doble rojo-verde ilum. c/luz indic. Bco. rasante  agregar LED/foco  holder  contactos Serie Modular,248
1SFA611131R1108,"MPD2-11C Botón doble rojo-verde ilum. c/luz indic. Bco.  ""O-I"" rasante  agregar LED/foco  holder  contactos Serie Modular",56
1SFA611142R1106,"MPD13-11B Botón doble rojo-verde ""I-O"" no ilum. saliente agregar holder  contactos Serie Modular",144
1SFA611200R1006,M2SS1-10B Switch selector negro 2 pos. fijas maneta corta  no ilum. agregar holder  contactos Serie Modular,12
1SFA611201R1006,M2SS2-10B Switch selector negro 2 pos. fijas maneta corta 60°  no ilum. agregar holder  contactos Serie Modular,49
1SFA611204R1006,M2SS5-10B Switch selector negro 2 pos. fijas maneta larga 60°  no ilum. agregar holder  contactos Serie Modular,8
1SFA611205R1006,M2SS6-10B Switch selector  agregar holder  contactos Serie Modular,30
1SFA611210R1006,M3SS1-10B Switch selector negro 3 pos. fijas maneta corta  no ilum. agregar holder  contactos Serie Modular,100
1SFA611213R1006,M3SS4-10B Switch selector negro 3 pos. fijas maneta larga  no ilum. agregar holder  contactos Serie Modular,78
1SFA611280R1001,M2SSK1-101 Switch selector llave Ronis 2 pos. fijas  agregar holder  contactos Serie Modular,24
1SFA611283R1001,M3SSK1-101 Switch selector llave Ronis 455  3 pos. fijas  agregar holder  contactos Serie Modular,10
1SFA611400R1001,ML1-100R Luz piloto rojo agregar holder,20
1SFA611400R1002,ML1-100G Luz piloto verde agregar holder y Bloque LED o Filamento,46
1SFA611400R1003,ML1-100Y Luz piloto amarillo agregar hol,35
1SFA611400R1004,ML1-100L Luz piloto azul agregar holder y Bloque LED o Filamento,70
1SFA611400R1005,ML1-100W Luz piloto Blanco agregar holder y Bloque LED o Filamento,18
1SFA611410R1056,MT-105B Botón potenciómetro 5 Kohm  bisel plástico negro Serie Modular,29
1SFA611410R1106,MT-110B Botón potenciómetro 10 Kohm  bisel plástico negro Serie Modular,42
1SFA611510R1101,BOTON HONGO ILUMINADO  ABB,88
1SFA611520R1001,MPET3-10R Botón hongo Paro Emerg. rojo Girar/restablecer no ilum. 30mm agregar holder  contactos Serie Modular,95
1SFA611521R1001,MPEP3-10R Botón hongo Paro Emerg. rojo Jalar/restablecer no ilum. 30mm agregar holder  contactos Serie Modular,71
1SFA611523R1001,MPET4-10R Botón hongo Paro Emerg. rojo Girar/restablecer no ilum. 40mm agregar holder  contactos Serie Modular,60
1SFA611605R1100,SOPORTE PARA TRES BOQUES ABB,740
1SFA611610R1001,MCB-10 Bloque contacto Universal 1NA  Serie Modular  10A/600V Mtje Frontal,515
1SFA611610R1010,BLOQUE NC MCB-01,1332
1SFA611610R2001,MCB-10B Bloque contacto 1NA  p/Botonera  ademas tambien Mtje a riel DIN c/adaptador  Mtje Posterior,129
1SFA611610R2010,MCB-01B Bloque contacto 1NC  p/Botonera  ademas tambien Mtje a riel DIN c/adaptador  Mtje Posterior,97
1SFA611621R1011,MLBL-01R Bloque con LED integrado rojo 24 Vca/cd,293
1SFA611621R1012,MLBL-01G Bloque con LED integrado verde 24 Vca/cd,248
1SFA611621R1013,MLBL-01Y Bloque con LED integrado amarillo 24 Vca/cd,116
1SFA611621R1014,MLBL-01L Bloque con LED integrado azul 24 Vca/cd,1
1SFA611621R1015,MLBL-01W Bloque con LED integrado Blanco 24 Vca/cd,10
1SFA611621R1041,MLBL-04R Bloque con LED integrado rojo  110-130 Vca,161
1SFA611621R1042,MLB-04G LED VERDE 120VCA,64
1SFA611621R1043,MLBL-04Y Bloque con LED integrado amarillo  110-130 Vca,38
1SFA611621R1045,MLBL-04W Bloque con LED integrado Blanco  110-130 Vca,31
1SFA611621R1051,MLBL-05R Bloque LED p/Botón/Luz piloto,85
1SFA611621R1052,BLOQUE CON LED INTEGRADO  VERDE 110-130VCC  ILUMINADO MLBL-05G  MONTAJE FRONTAL,30
1SFA611621R1053,BLOQUE CON LED INTEGRADO  AMARILLO 110-130VCC  ILUMINADO MLBL-05Y  MONTAJE FRONTAL,30
1SFA611621R1071,MLBL-07R Bloque con LED integrado rojo 230 Vca,236
1SFA611621R1072,MLBL-07G Bloque con LED integrado verde 230 Vca,137
1SFA611621R1073,MLBL-07Y Bloque con LED integrado amarillo 230 Vca,67
1SFA611621R1075,MLBL-07W Bloque con LED integrado Blanco 230 Vca,45
1SFA611811R1000,MEP1-0 BOTONERA VACIA 1 HUECO  ABB,107
1SFA611812R1000,MEP2-0 Botonera Plástica Gris 2 Orificios IP66  NEMA 1  3R  4  4X  12  13 Serie Mod/Comp  agregar Placa leyenda,100
1SFA611813R1000,MEP3-0 Botonera Plástica Gris 3 Orificios IP66  NEMA 1  3R  4  4X  12  13 Serie Mod/Comp  agregar Placa leyenda,71
1SFA611814R1000,MEP4-0 Botonera Plástica Gris 4 Orificios IP66  NEMA 1  3R  4  4X  12  13 Serie Mod/Comp  agregar Placa leyenda,29
1SFA611821R1000,MEPY1-0 Botonera Plástica Gris-amarillo 1 Orificio IP66  NEMA 1  3R  4  4X  12  13 Serie Mod/Comp,101
1SFA611920R8015,MA1-8015 Llave p/tuerca Botones 22mm nuevo codigo,34
1SFA611920R8052,MA1-8052 Membrana transparente de silicon p/botón rasante,40
1SFA611920R8053,MA1-8053 Guarda Amarilla plástico p/Botonera y Botones en tablero,25
1SFA611920R8130,MA1-8130 Tapa Negra 22m,40
1SFA611920R8136,BLANKING PLUG#MA1-8136,20
1SFA611930R1002,MA6-1002 Placa leyenda Gris p/Botonera 2 orificios  Aluminio+plástico  sin texto,35
1SFA611930R1003,MA6-1003 Placa leyenda Gris p/Botonera 3 orificios  Aluminio+plástico  sin texto,32
1SFA611930R1004,MA6-1004 Placa leyenda Gris p/Botonera 3 orificios  Aluminio+plástico  sin texto,35
1SFA611930R1022,"MA6-1022 Placa leyenda amarilla p/Botonera 1 orificio  Aluminio  texto ""PARADA DE EMERGENCIA""",45
1SFA616070R3051,KL70-305R Módulo torreta Permanente rojo 24 Vca/cd LED integrado,21
1SFA616070R3052,KL70-305G Módulo torreta Permanente verde 24 Vca/cd LED integrado,20
1SFA616070R3053,KL70-305Y Módulo torreta Permanente amarillo 24 Vca/cd LED integrado,21
1SFA616070R3054,KL70-305L Módulo torreta,17
1SFA616070R3062,KL70-306G Módulo torreta Intermitente verde 24 Vca/cd LED integrado,2
1SFA616070R3063,KL70-306Y Módulo torreta Intermitente amarillo 24 Vca/cd LED integrado,14
1SFA616070R3064,KL70-306L Módulo torreta Intermitente azul 24 Vca/cd LED integrado,16
1SFA616070R3421,KL70-342R Módulo torreta Intermitente rojo  115 Vca LED integrado,14
1SFA616070R3422,KL70-342G Módulo torreta Intermitente verde  115 Vca LED integrado,15
1SFA616070R3423,KL70-342Y Módulo torreta Intermitente amarillo  115 Vca LED integrado,15
1SFA616070R3424,KL70-342L Módulo torreta Intermitente azul  115 Vca LED integrado,15
1SFA616070R4011,KL70-401R Módulo torreta Permanente rojo 12-240 Vca/cd agregar bulbo LED,20
1SFA616070R4012,KL70-401G Módulo torreta Permanente verde 12-240 Vca/cd agregar bulbo LED,21
1SFA616070R4013,KL70-401Y Módulo torreta Permanente amarillo 12-240 Vca/cd agregar bulbo LED,17
1SFA616070R4014,KL70-401L Módulo torreta Permanente azul 12-240 Vca/cdAgregar bulbo LED,15
1SFA616071R3001,KB70-3001 Elemento Buzzer,17
1SFA616071R3101,KB70-3101 Módulo torreta audible tipo zumbador 85 dB  pulsante/continuo  volumen no ajustable  115 Vcd,18
1SFA616073R1104,KS70-1104 Módulo torreta audible tipo sirena 8 tonos diferentes  100dB volumen ajustable  115 Vca,12
1SFA616077R1001,KA70-1001 Base torreta caja conexión inferior salida lateral incluye glándula,5
1SFA616077R1011,KA70-1011 Base torreta plástica Mtje vertical incluye tubo 110mm  agregar caja de conexiones,4
1SFA616077R1013,KA70-1013 Base para tubo,7
1SFA616077R1021,KA70-1021 Tubo,7
1SFA616077R1033,KA70-1033 Base lateral p/tubo torreta,6
1SFA616160R1014,KPR1-101L Botón reset,10
1SFA616162R1014,KPR3-101L Botón reset,27
1SFA616162R1015,"KPR3-101W Botón reset con varilla 185mm  mica blanca  marcado ""R"" Serie compacta",39
1SFA616920R8021,KA1-8021 Bisel metálico cromado p/pulsador 22mm  Serie Modular,109
1SFA616920R8029,KA1-8029 Adaptador 30mm plástico negro Serie compacta y modular,60
1SFA616920R8030,KA1-8030 Adaptador 30mm cromado Serie compacta y modular,60
1SFA616920R8120,KA1-8120 Porta-etiqueta universal botón/lámpara  plástico negro,258
1SFA616920R8121,KA1-8121 Etiqueta/Placa leyenda Universal Aluminio  sin texto p/botón/lámpara Colocar en porta-etiqueta KA1-8120,253
1SFA619100R1012,CP1-10G-10 Botón pulsador verde momentáneo no ilum rasante 1NO Serie compacta,276
1SFA619100R1041,CP1-10R-01 Botón pulsador rojo momentáneo no ilum rasante 1NC Serie compacta,440
1SFA619100R1071,CP1-10R-11 Botón pulsador rojo momentáneo no ilum rasante 1NO+1NC Serie compacta,37
1SFA619100R1072,CP1-10G-11 Botón pulsador verde momentáneo no ilum rasante 1NO+1NC Serie compacta,60
1SFA619100R1112,CP1-11G-10 Botón pulsador verde 24 Vca/cd ilum. momentáneo rasante 1NO Serie compacta,72
1SFA619100R1141,CP1-11R-01 Botón pulsador rojo 24 Vca/cd ilum. momentáneo rasante 1NC Serie compacta,57
1SFA619100R1212,CP1-12G-10 Botón pulsador verde 100-130 Vca/cd momentáneo ilum. rasante 1NO Serie compacta,98
1SFA619100R1213,CP1-12Y-10 Botón pulsador amarillo 100-130 Vca/cd momentáneo ilum. rasante 1NO Serie compacta,28
1SFA619100R1241,CP1-12R-01 Botón pulsador rojo 100-130 Vca/cd momentáneo ilum. rasante 1NC Serie compacta,106
1SFA619100R1312,CP1-13G-10 Botón pulsador verde 220 Vca/cd momentáneo ilum. rasante 1NO Serie compacta,29
1SFA619100R1341,CP1-13R-01 Botón pulsador rojo 220 Vca/cd momentáneo ilum. rasante 1NC Serie compacta,39
1SFA619101R1012,CP2-10G-10 Botón pulsador,14
1SFA619200R1016,C2SS1-10B-10 Switch selector negro 2 pos. fijas no ilum. maneta corta 1NC Serie compacta,15
1SFA619200R1076,C2SS1-10B-11 Switch selector negro 2 pos. fijas no ilum. maneta corta 1NO+1NC Serie compacta,105
1SFA619201R1016,C2SS2-10B-10 Switch selector negro 2 pos. fijas no ilum. maneta corta 1NO Serie compacta,68
1SFA619210R1026,C3SS1-10B-20 Switch selector negro 3 pos.fijas no ilum. maneta corta 2NO Serie compacta,318
1SFA619210R3026,C3SS1-30B-20 Switch selector negro 3 pos. fijas no ilum. maneta corta 2NO  Bisel Cromo-Metal  Serie compacta,8
1SFA619403R5011,CL2-501R new Luz piloto compacta roja LE,10
1SFA619403R5012,CL2-501G new Luz piloto compacta verde L,10
1SFA619403R5021,CL2-502R new Luz piloto compacta roja 24Vca/cd LED reemplaza 1SFA619402R5021,154
1SFA619403R5022,CL2-502G new Luz piloto compacta verde 24 Vca/cd LED reemplaza 1SFA619402R5022,142
1SFA619403R5023,CL2-502Y new Luz piloto compacta amarillo 24 Vca/cd LED reemplaza 1SFA619402R5023,55
1SFA619403R5024,CL2-502L new Luz piloto compacta azul 24 Vca/cd LED reemplaza 1SFA619402R5024,80
1SFA619403R5131,CL2-513R new Luz piloto compacta rojo LED 110-130 Vca reemplaza 1SFA619402R5131,353
1SFA619403R5132,CL2-513G new Luz piloto compacta verde LED 110-130 Vca reemplaza 1SFA619402R5132,246
1SFA619403R5133,CL2-513Y new Luz piloto compacta amarillo LED 110-130 Vca reemplaza 1SFA619402R5133,168
1SFA619403R5134,CL2-513L new Luz piloto compacta azul LED 110-130 Vca reemplaza 1SFA619402R5134,28
1SFA619403R5153,CL2-515Y new Luz piloto compacta amarillo LED 110-130 Vcd reemplaza 1SFA619402R5153,38
1SFA619403R5231,CL2-523R new Luz piloto compacta rojo LED 230 Vca reemplaza 1SFA619402R5231,311
1SFA619403R5232,CL2-523G new Luz piloto compacta verde LED 230 Vca reemplaza 1SFA619402R5232,310
1SFA619403R5233,CL2-523Y new Luz piloto compacta amarillo LED 230 Vca reemplaza 1SFA619402R5233,170
1SFA619403R5234,CL2-523L new Luz piloto compacta azul LED 230 Vca reemplaza 1SFA619402R5234,85
1SFA619550R1041,CE4T-10R-01 Botón hongo Paro Emerg. rojo Girar/restablecer no ilum 40 mm 1NC Serie compacta,60
1SFA619550R1051,CE4T-10R-02 Botón hongo Paro Emerg. rojo Girar/restablecer no ilum 40 mm  incluye 2NC  Serie compacta,158
1SFA619550R1071,CE4T-10R-11 Botón hongo Paro Emerg. rojo Girar/restablecer no ilum 40 mm 1NC+1NO Serie compacta,2
1SFA619821R2001,"CEPY1-2001 Botonera Amarilla Paro Emergencia c/ guarda  incluye Botón hongo 2NC ""girar/restablecer""",4
1SFA896106R7000,PSR12-600-70,11
1SFA896107R7000,PSR16-600-70,10
1SFA896108R7000,PSR25-600-70,9
1SFA896109R7000,PSR30-600-70,11
1SFA896110R7000,PSR37-600-70,9
1SFA896111R7000,PSR45-600-70,10
1SFA896112R7000,PSR60-600-70,12
1SFA896113R7000,PSR72-600-70,18
1SFA896114R7000,PSR85-600-70,9
1SFA896115R7000,PSR105-600-70,9
1SFA896211R1001,PSR16-MS116,10
1SFA896212R1001,PSR30-MS132,8
1SFA896216R1001,PSR45-MS165,10
1SFA897100R1001,PSEEK,3
1SFA897104R7000,PSE37-600-70,2
1SFA897105R7000,PSE45-600-70,2
1SFA897106R7000,PSE60-600-70,9
1SFA897107R7000,PSE72-600-70,8
1SFA897108R7000,PSE85-600-70,5
1SFA897109R7000,PSE105-600-70,7
1SFA897110R7000,PSE142-600-70,7
1SFA897111R7000,PSE170-600-70,7
1SFA897113R7001,PSE250-600-70-1,2
1SFA897114R7001,PSE300-600-70-1,1
1SFA897115R7001,PSE370-600-70-1,1
1SFA898105R7000,PSTX45-600-70,2
1SFA898109R7000,PSTX105-600-70,4
1SFA898110R7000,PSTX142-600-70,3
1SFA898111R7000,PSTX170-600-70,2
1SFA898112R7000,PSTX210-600-70,5
1SFA898114R7000,PSTX300-600-70,3
1SFA898115R7000,PSTX370-600-70,3
1SFA899314R1001,PSCA-1,5
1SFL427001R1111,CONTACTOR#AF116-30-11-11#24-60V,10
1SFL427001R1311,CONTACTOR#AF116-30-11-13#100-250V,14
1SFL427001R1411,CONTACTOR#AF116-30-11-14#250-500V,22
1SFL447001R1111,CONTACTOR#AF140-30-11-11#24-60V,22
1SFL447001R1311,CONTACTOR#AF140-30-11-13#100-250V,2
1SFL447001R1411,CONTACTOR#AF140-30-11-14#250-500V,14
1SFL487002R1100,CONTACTOR#AF190-30-00-11#24-60V,20
1SFL487002R1300,CONTACTOR#AF190-30-00-13#100-250V,13
1SFL487002R1311,CONTACTOR#AF190-30-11-13#100-250V,3
1SFL487002R1411,CONTACTOR#AF190-30-11-14#250-500V,10
1SFL527002R1111,CONTACTOR#AF205-30-11-11#24-60V,11
1SFL527002R1311,CONTACTOR#AF205-30-11-13#100-250V,22
1SFL527002R1411,CONTACTOR#AF205-30-11-14#250-500V,1
1SFL547002R1311,CONTACTOR#AF265-30-11-13#100-250V,6
1SFL547002R1411,CONTACTOR#AF265-30-11-14#250-500V,1
1SFL577001R7000,CONTACTOR#AF400-30-00#100-250V,2
1SFL577001R7011,CONTACTOR#AF400-30-11#100-250V,4
1SFL587002R1311,CONTACTOR#AF305-30-11-13#100-250V,10
1SFL597001R7000,CONTACTOR#AF460-30-00#100-250V,2
1SFL597001R7011,CONTACTOR#AF460-30-11#100-250V,5
1SFL607002R1311,CONTACTOR#AF370-30-11-13#100-250V,9
1SFL617001R7011,CONTACTOR#AF580-30-11#100-250V,5
1SFL637001R7011,CONTACTOR#AF750-30-11#100-250V,7
1SFN010720R1011,Auxiliary Contact Block CAL18-11,21
1SFN010720R3311,AUX. CONTACT#CAL18-11B,4
1SFN010820R1011,AUX. CONT. BLOCK#CAL19-11,58
1SFN010820R3311,AUX. CONT. BLOCK#CAL19-11B,4
1SFN030300R1000,Mech.interlock#VM19,76
1SFN035700R1000,MECH. INTERLOCK#VM750H,30
1SKA132002C1001,Protecta chapa & llave,10
1SKA141568C3001,Protecta Kit XT1,206
1SKA141568C3003,Protecta Kit XT3,34
1SKA143000C3002,Protecta kit termiales 250A,66
1SKA148000C1001,EPBKIT8C,87
1SKP804142C0051,Protecta Compact 12modulos,62
1SKP804142C6508,Protecta Plus 12 modulos,55
1SKP806142C0051,Protecta Compact 18modulos,64
1SKP806142C6508,Protecta Plus 18 modulos,68
1SKP808142C0051,Protecta Compact 24modulos,58
1SKP808142C6508,Protecta Plus 24 modulos,65
1SKP812142C0051,Protecta Compact 36modulos,65
1SKP812142C6508,Protecta Plus 36 modulos,29
1SKP816142C0051,Protecta Compact 48modulos,53
1SKP816142C6508,Protecta Plus 48 modulos,50
1SLM004100A1100,MISTRAL IP41F  4 Módulos  PO,23
1SLM004100A1200,MISTRAL IP41F  4 Módulos  PT,93
1SLM004100A1202,MISTRAL IP41F  8 Módulos  PT,63
1SLM004100A1204,MISTRAL IP41F  18 Módulos  PT,45
1SLM004100A1205,MISTRAL IP41F  24 Módulos  PT,30
1SLM004100A1208,MISTRAL IP41F  48 Módulos  PT,34
1SLM004100A1209,MISTRAL IP41F  54 Módulos  PT,20
1SLM004100A1210,MISTRAL IP41F  72 Módulos  PT,18
1SLM004100A1931,Cerradura con Llave MISTRAL41F,22
1SL0221A00,GEMINI Tamaño 1,9
1SL0222A00,GEMINI Tamaño 2,15
1SL0223A00,GEMINI Tamaño 3,7
1SL0224A00,GEMINI Tamaño 4,18
1SL0225A00,GEMINI Tamaño 5,6
1SL0226A00,GEMINI Tamaño 6,7
1SL0231A00,Puerta Opaca Tamaño 1,4
1SL0232A00,Puerta Opaca Tamaño 2,12
1SL0233A00,Puerta Opaca Tamaño 3,9
1SL0234A00,Puerta Opaca Tamaño 4,16
1SL0235A00,Puerta Opaca Tamaño 5,7
1SL0236A00,Puerta Opaca Tamaño 6,6
1SL0241A00,Puerta Transparente Tamaño 1,11
1SL0242A00,Puerta Transparente Tamaño 2,14
1SL0243A00,Puerta Transparente Tamaño 3,4
1SL0244A00,Puerta Transparente Tamaño 4,7
1SL0245A00,Puerta Transparente Tamaño 5,5
1SL0246A00,Puerta Transparente Tamaño 6,10
1SL0252A00,Puerta Interior Tamaño 2,8
1SL0256A00,Puerta interior para Gabinete GEMINI Tamaño 6,5
1SL0259A00,Platina Metálica Tamaño 1,2
1SL0260A00,Platina Metálica Tamaño 2,18
1SL0261A00,Platina Metálica Tamaño 3,47
1SL0262A00,Platina Metálica Tamaño 4,9
1SL0263A00,Platina Metálica Tamaño 5,9
1SL0264A00,Platina Metálica Tamaño 6,17
1SL0284A00,Bases Laterales Tamaño 2,22
1SL0285A00,Bases Laterales Tamaño 3 y 4,39
1SL0286A00,Bases Laterales Tamaño 5,6
1SL0287A00,Bases Laterales Tamaño 6,19
1SL0293A00,Riel DIN Tamaño 6,20
1SL0297A00,Platina 150 mm Tamaño 2 y 3,8
1SL0298A00,Platina 150 mm Tamaño 4 y 5,11
1SL0299A00,Platina 150 mm Tamaño 6,1
1SL0308A00,Riel DIN + Tapa Tamaño 2 y 3,1
1SL0309A00,Riel DIN + Tapa Tamaño 4 y 5,8
1SL0310A00,Riel DIN + Tapa Tamaño 6,20
1SL0325A00,Tapa 150 mm Tamaño 2 y 3,10
1SL0326A00,Tapa 150 mm Tamaño 4 y 5,10
1SL0327A00,Tapa 150 mm Tamaño 6,44
1SL0340A00,Cerradura Con Llave GEMINI,46
1SL0342A00,Soportes Fijación Muro GEMINI,29
1SL0351A00,Conjunto Anticondensación,11
1SL0373A00,Kit Tmax XT1 Tamaño 2 y 3,15
1SL0374A00,Kit Tmax XT1 Tamaño 4 y 5,14
1SL0375A00,Kit Tmax XT1 Tamaño 6,2
1SL0377A00,Kit Tmax XT3 Tamaño 4 y 5,2
1SL0378A00,Kit Tmax XT3 Tamaño 6,3
1SL0824A00,Caja IP55  160x135x77  KO,68
1SL0826A00,Caja IP55  220x170x80  KO,82
1SL0828A00,Caja IP55  310x240x110  KO,21
1SL0830A00,Caja IP55  160x135x150  KO,21
1SL0832A00,Caja IP55  220x170x150  KO,17
1SL0856A00,Caja IP55 220x170x80,10
1SL0878A00,Caja IP65 310x240x110  TR,5
1SL0880A00,Caja IP65  160x135x150  TR,17
1SL1200A00,MISTRAL 1P 65 4 MODULOS,128
1SL1201A00,MISTRAL IP65  8 Módulos  PT,154
1SL1202A00,65P12X12 Consumer Unit,32
1SL1203A00,MISTRAL IP65  18 Módulos  PT,95
1SL1204A00,MISTRAL IP65  24 Módulos  PT,31
1SL1205A00,MISTRAL IP65  36 Módulos  PT2F,20
1SL1206A00,MISTRAL IP65  36 Módulos  PT3F,19
1SL1207A00,MISTRAL IP65  48 Módulos  PT,14
1SL1208A00,MISTRAL IP65  54 Módulos  PT,12
1SL1209A00,MISTRAL IP65  72 Módulos  PT,27
1SL1927A00,Juego Fijación Muro MISTRAL65,67
1SL1929A00,Cubremódulos 12M MISTRAL65,67
1SL1931A00,Cerradura con Llave MISTRAL65,40
1SL2402A00,Cubrebornes IP40  2 Módulos,72
1SL2404A00,Cubrebornes IP40  4 Módulos,18
1SL2406A00,Cubrebornes IP40  6 Módulos,22
1SNA179535R2300,,1
1SNA400711R0600,PC8-R1 puente lateral Black,8
1SNK505910R0000,ES4 TAPA FINAL PCLEMA ZS4-ZS1,38
1SNK508150R0000,CLEMA DE TIERRA 8MM AWG/6MM2 VERDE-AMARI,12
1SNK508311R0000,ZS10-ST-T4,48
1SNK526010R0000,ZS95 CLEMAS DE TIERRA C VERDE-AMARILLO ZS70-P,6
1SNK531010R0000,Screw Clamp Terminal Block  Feed-Through  Gray  Product Spacing 31 mm [1.22 in]  2 Position  DIN Rail  -55 – 110 °C [-67 – 230 °F],21
1SNK900001R0000,ENTRELEC Tope de retención BAM3,85
1SNK900652R0000,SC-JB8-2,18
1SNK905310R0000,JB5-10 PUENTE DE ENLACE PZS4,8
1SNL308010R0000,BLOQUE DISTRIBUCION 80A  1500V,46
1SNL316010R0000,BLOQUE DE DISTRIBUCION 160 AMP 1 POLO,157
1SNL325010R0000,BLOQUE DE DISTRIBUCION DBL250,3
1SPE007715F0731,CONECTOR N 316MM+325MM,265
1SPE007715F0732,CONECTOR N 516MM + 625 MM,1
1SPE007715F0733,CONECTOR N 716 MM +925 MM,159
1SPE007715F0741,CONECTOR T 316MM+325MM,267
1SPE007715F0742,CONECTOR T 516 MM +625 MM,2
1SPE007715F0743,Conector T 7*16mm²+9*25mm²,152
1SPE007715F0751,SOPORTE N Y T8 M D,263
1SPE007715F0752,SOPORTE N Y T  12 M,45
1SPE007715F0753,Soporte N y T  18 Mód,573
1SVR405521R3100,CR-S012/024VADC1SS base de montaje 12-24 V ca/cd conex. Tornillo,2
1SVR405541R3110,CR-S024VADC1CRS Relevador encapsulado/Interface 6.2mm Relé Interface Completo 24 Vca/cd 1 c/o 6 A,106
1SVR405541R6110,CR-S110VADC1CRS Relevador encapsulado/Interface 6.2mm Relé Interface Completo 110 Vca/cd 1 c/o 6 A,35
1SVR405541R7110,CR-S230VADC1CRS Relevador encapsulado/Interface 6.2mm Relé Interface Completo 220 Vca/cd 1 c/o 6 A,10
1SVR405598R0900,CR-SJB20-BLACK Jumper bar,10
1SVR405600R1000,CR-P024DC1 Relevador PCB Alimentación 24 Vcd Con 1c/o  agregar base,28
1SVR405601R0000,CR-P024AC2 Relevador interface 2c/o  bobina 24Vca  output 8A,388
1SVR405601R1000,CR-P024DC2 Relevador PCB Alimentación 24 Vcd Con 2c/o agregar base,74
1SVR405601R3000,CR-P230AC2 Relevador PCB Alimentación 230 Vca Con 2c/o agregar base,138
1SVR405601R4000,CR-P012DC2 Relevador PCB Alimentación 12 Vcd Con 2c/o agregar base,165
1SVR405601R7000,CR-P110AC2 Relevador PCB Alimentación 110 Vca Con 2c/o agregar base,158
1SVR405611R3000,CR-M230AC2 Relevador encapsulado Miniatura Alimentación 230 Vca Con 2c/o,1
1SVR405611R8200,CR-M125DC2 Relevador interface 2c/o  bobina 125Vcd  output 12A,11
1SVR405612R4100,CR-M012DC3L Relevador interface 3c/o  bobina 12Vcd  output 10A  LED,2
1SVR405613R0000,CR-M024AC4 Relevador encapsulado Miniatura Alimentación 24 Vca Con 4 c/o,114
1SVR405613R1000,CR-M024DC4 Relevador encapsulado Miniatura Alimentación 24 Vcd Con 4 c/o,113
1SVR405613R1100,CR-M024DC4L Relevador encapsulado Miniatura Alimentación 24 Vcd Con 4 c/o con LED,11
1SVR405613R3000,CR-M230AC4 Relevador encapsulado Miniatura Alimentación 230 Vca Con 4 c/o,100
1SVR405613R4000,CR-M012DC4 Relevador interface 4c/o  bobina 12Vcd  output 6A,14
1SVR405613R7000,CR-M110AC4 Relevador encapsulado Miniatura Alimentación 110 Vca Con 4c/o,126
1SVR405621R0000,CR-U024AC2 Relevador Universal 24 Vca/2 c/o  8 pines,19
1SVR405621R1000,CR-U024DC2 Relevador Universal Alimentación 24 Vcd Con 2 c/o (8 pines),85
1SVR405621R1100,CR-U024DC2L Relevador interface 2c/o  bobina 24Vcd  output 10A  LED,50
1SVR405621R3000,CR-U230AC2 Relevador Universal Alimentación 230 Vca Con 2 c/o (8 pines),176
1SVR405621R4000,CR-U012DC2 Relevador Universal Alimentación 12 Vcd Con 2 c/o (8 pines),199
1SVR405621R4100,CR-U012DC2L Relevador interface 2c/o  bobina 12Vcd  output 10A  LED,24
1SVR405621R7000,CR-U110AC2 RELEVADOR 2C/O 110 VAC,672
1SVR405621R7100,CR-U110AC2L Relevador interface 2c/o  bobina 110Vca  output 10A  LED,50
1SVR405622R0000,CR-U024AC3 Relevador Universal Alimentación 24 Vca Con 3 c/o(11 Pines),70
1SVR405622R1000,CR-U024DC3 Relevador Universal Alimentación 24 Vcd Con 3 c/o(11 Pines),401
1SVR405622R1100,CR-U024DC3L Relevador interface 3c/o  bobina 24Vcd  output 10A  LED,45
1SVR405622R3000,CR-U230AC3 Relevador Universal Alimentación 230 Vca Con 3 c/o(11 Pines),82
1SVR405622R4000,CR-U012DC3 Relevador Universal Alimentación 12 Vcd Con 3 c/o(11 Pines),215
1SVR405622R4100,CR-U012DC3L Relevador interface 3c/o  bobina 12Vcd  output 10A  LED,40
1SVR405622R7000,CR-U110AC3 Relevador Universal Alimentación 110 Vca Con 3 c/o(11 Pines),490
1SVR405622R7100,CR-U110AC3L Relevador interface 3c/o  bobina 110Vca  output 10A  LED,48
1SVR405650R1000,CR-PSS base standar p/relé for 1c/o or 2c/o CR-P relays,484
1SVR405651R1000,CR-M2SS base standar p/relé for 2c/o CR-M relay,50
1SVR405651R2100,CR-M3LS base p/accs  p/relé for 3c/o CR-M relay,5
1SVR405651R3000,CR-M4SS base standar p/relé for 2c/o or 4c/o CR-M relay,402
1SVR405652R1000,CR-P/M 42V  Módulo LED verde p/ Relé Encapsulado Tipo PCB o Mini 6-24 V cd/ca,113
1SVR405654R1100,CR-P/M 92V Pluggable module LED green  110-230Vca/110Vcd,20
1SVR405655R1100,CR-P/M 92CV  Módulo LED verde p/ Relé Encapsulado Tipo PCB o Mini 120-230 V cd/ca,125
1SVR405655R4000,CR-P/M 62D Pluggable module varistor and LED red  24-60 Vca/cd,30
1SVR405659R0000,CR-PH  Holder p/ Relé Encapsulado Tipo Circuito Impreso,178
1SVR405659R1000,CR-MH  Holder p/ Relé Encapsulado Tipo Miniatura,122
1SVR405660R0000,CR-U3S  Base p/ Relé Encapsulado Tipo Universal   11 pines CR-U,117
1SVR405660R1100,CR-U3SM  Base compacta p/ Relé Encapsulado Tipo Universal  11 pines CR-U,4
1SVR405662R1000,CR-U 41V  Módulo p/ Relé Encapsulado,148
1SVR405664R1100,CR-U 91V  Módulo p/ Relé Encapsulado,148
1SVR405669R0000,CR-UH  Holder p/ Relé Encapsulado,148
1SVR405670R0000,BASE PARA RELEVADOR 2 C/0,75
1SVR405670R1100,CR-U2SM  Base compacta p/ Relé Encapsulado Tipo Universal  8 pines CR-U,621
1SVR427032R0000,CP-E 24/2.5 Fuente de poder Tipo Estandar 110-220 Vca / 24 Vcd 2.5 A 60 W,11
1SVR427032R1000,CP-E 12/2.5 Fuente de poder Tipo Estandar 110-220 Vca / 12 Vcd 2.5 A 30 W,7
1SVR427034R0000,CP-E 24/5.0 Fuente de poder Tipo Estandar 110-220 Vca / 24 Vcd 5.0 A 60 W,26
1SVR427035R0000,CP-E 24/10.0 Fuente de poder Tipo Estandar 110-220 Vca / 24 Vcd 10.0 A 240 W,13
1SVR427035R1000,CP-E 12/10.0 Fuente de poder Tipo Estandar 110-220 Vca /: 12Vcd/10A,9
1SVR427036R0000,CP-E 24/20.0 Fuente de poder Tipo Estandar 110-220 Vca / 24 Vcd 20.0 A 480 W,7
1SVR427043R0100,CP-D 24/1.3 Fuente de poder Tipo Modular 110-220 Vca / 24 Vcd 1.3 A 30,2
1SVR427043R1200,CP-D 12/2.1 Fuente de poder Tipo Modular 110-220 Vca / 12 Vcd 2.1 A 25 W,7
1SVR427044R0200,CP-D 24/2.5 Fuente de poder Tipo Modular 110-220 Vca / 24 Vcd 2.5 A 60 W,2
1SVR427045R0400,CP-D 24/4.2 Fuente de poder Tipo Modular 110-220 Vca / 24 Vcd 4.2 A 100 W,5
1SVR427054R0000,CP-T 24/5.0 Fuente de poder Tipo Trifasica 350-500 Vca / 24 Vcd 5.0 A 60 W,5
1SVR427055R0000,CP-T 24/10.0 Power supply In: 3x400-500VAC Out: 24VDC/10.0A,2
1SVR427056R0000,CP-T 24/20.0 Fuente de poder Tipo Trifasica 350-500 Vca / 24 Vcd 20.0 A 480 W,5
1SVR427057R0000,CP-T 24/40.0 Fuente de poder Tipo Trifasica 350-500 Vca / 24 Vcd 40.0 A 960 W,5
1SVR500020R0000,CT-MFD.12 Timer Relevador  multifunction 7 Func. 0-100 hrs  1c/o  24-240Vca 24-48Vcd,21
1SVR500020R1100,CT-MFD.21 Timer Relevador  multifunction 2c/o  12-240Vca/cd,46
1SVR500100R0000,TEMPORIZADOR CT ERD.12 E234 24-240V,10
1SVR500110R0000,CT-AHD.12 Timer Relevador  OFF-delay 1c/o  24-240Vca 24-48Vcd,21
1SVR500210R0100,CT-SAD.22 Timer Relevador estrella-delta 0.05 seg-10 min,13
1SVR730210R3300,CT-SDS.22 Timer estrella-delta 0.05 seg-10 min  24-240v ca/cd,5
1SVR730794R3300,Relevador Monitoreo redes Trifasic. 2c/o,1
1SVR730824R9300,CM-PFS.S Three-phase monitoring relay 2c/o  L1-L2-L3=200-500Vca 50/60Hz,10
1SVR730884R1300,CM-MPS.31S Relevador Monit. Redes Trifasicas  falla de fase  sec. fases  sobre-voltaje  bajo-voltaje  2c/o  0.1-30s  L1-L2-L3=3x160-300Vca,20
1SVR730884R3300,CM-MPS.41S Relevador Monit. Redes Trifasicas  falla de fase  sec. fases  sobre-voltaje  bajo-voltaje  2c/o  0.01-30s  L1-L2-L3=3x300-500Vca,9
1SVR740850R2100,CM-ENS.13P Relevador Monitoreo Liquid. 1c/o  sensitivity 5-100kOhm,9
1SYG207581R4051,Multifunction Meter with Modbus communication,4
10046555,Zapata p/item de 1600A bolsa3 piezas,4
101219,GPS1BSAJ GUARDAMOTOR 4-6.3A,1
102407,BOBINA 24V P/MINICONTACTOR,10
102409,BOBINA 115V P/MINICONTACTOR,10
102619,MC1A310T3 MINICONTACTOR BOBINA,20
1045T-N,CONTACTO MAG. INDUSRIAL,62
1085T-N,"CONTACTO MAG. SUPERFICIAL C/B 1""",820
109393,CONTATOR CL03A310M5 BOBINA,3
109465,CONTACTOR CL04A310M3 BOBINA,2
116B6708G43R73R4,LUCES PILOTO,1
12DTTLLED22RGB,12DTTLLED22RGBBWVB,1
12YDLED430MV30B,LUMINARIA DE EMP PLAFON 12W,1
12282713,INTERRUPTOR TERMOMAGNÉTICO CAJA MOLDEADA DWA 1600H Icu (CAPACIDAD INTERRUPTIVA ALTA) EN 220 / 440 Vca de 100 / 65 (kAmp) DISPARADOR ELECTRÓNICO LSI  MARCA WEG  MODELO DWA1600H-E1600-3  640-1600 AMPERES.,2
123H171B,REELEVADOR TERMICO,4
12589,MASKING TAPE 1/2,20
12591,MASKING TAPE DE 1,16
12865,,3
14337,PAR30 75 W 130V C7BASE E26 OSRAM,4
15DAR111LED30V24,FOCO AR111 3000K LED  15W,2
15D21G002,BOBINA N1 115-120V,46
15D21G003,BOBINA N1 230-240V,22
15D21G004,BOBINA 460-480v,4
15D21G005,BOBINA T-1 575/600V,2
15D21G023,BOBINA 200 - 208v,6
15D21G063,BOBINA MAG. 208V T-00 0 1,1
15D22G002,BOBINA N2 115-120V,29
15D22G003,BOBINA 230-240v,10
15D22G004,BOBINA 460-480v,15
15D22G063,BOBINA MAG. 208V T-2,1
15D23G002,BOBINA MAG. 120V T-2,4
15D23G003,220 VOLTS,1
1620-LED/GF,LUMINARIA DE LED PARA MURO,3
1640-LED/GF,LUMINARIO PARA MURO LED GRAFITO,2
18YDLED430MV65B,BUCARAMANGA VIII INT EMP LED 18W100-240V,10
187D350P001,BARRA SOPORTE P/CONTACTO MOVIL T-00 0 1,9
188D700P003,BARRA SOPORTE P/CONTACTO MOVIL T-2,17
188D711P001,CUBIERTA PARA CONTACTOS MOVILES T-00 0 1,3
2AAF01,ARBOTANTE ALM-3073WS,2
2ADI55,DXB-88657 ARBOTANTE ORO BOLA NEGRA,4
2CCA703400R0001,E219-B Indicat.Lights.white,10
2CCA703401R0001,E219-CPiloto 16 A 115 230 V 2LED Red,10
2CCA703402R0001,E219-D Indicat.Lights.green,10
2CDG110071R0011,UK/S32.2 Universal I/O Concentrator  32-fold  MDRC,9
2CDG110166R0011,2CDG110166R0011,4
2CDG110171R0011,LK/S4.2 Line Coupler  MDRC,2
2CDG110183R0011,INTERRUPTOR 12 - 6 AW,4
2CDG110243R0011,2CDG110243R0011,1
2CDL200001R0001,Tapas Finales  Tipo PS-END,1047
2CDL200001R0011,SZ-BSK   Terminal Cover,329
2CDL200001R5015,Ast 50/15 Connecting terminal,6
2CDL210001R1060,PS1/60  Busbar,169
2CDL220001R1658,PS 2/58/16  Busbar,32
2CDL230001R1660,PS 3/60/16  Busbar,21
2CDL231001R1012,PS3/12  Busbar,66
2CDS200909R0001,S2C-A1 Shunt Trip  12...60V,46
2CDS200912R0001,S2C-H6R,20
2CDS211001R0024,Int. Termomagnético SH201 C2 6kA,97
2CDS211001R0044,Int. Termomagnético SH201 C4 6kA,43
2CDS211001R0064,Int. Termomagnético SH201 C6 6kA,108
2CDS211001R0104,Int. Termomagnético SH201 C10 6kA,649
2CDS211001R0164,Int. Termomagnético SH201 C16 6kA,832
2CDS211001R0204,Int. Termomagnético SH201 C20 6kA,841
2CDS211001R0254,Int. Termomagnético SH201 C25 6kA,163
2CDS211001R0324,Int. Termomagnético SH201 C32 6kA,633
2CDS211001R0404,Int. Termomagnético SH201 C40 6kA,210
2CDS211001R0504,Int. Termomagnético SH201 C50 6kA,274
2CDS211001R0634,Int. Termomagnético SH201 C63 6kA,277
2CDS212001R0024,Int. Termomagnético SH202 C2 6kA,58
2CDS212001R0044,Int. Termomagnético SH202 C4 6kA,37
2CDS212001R0064,Int. Termomagnético SH202 C6 6kA,96
2CDS212001R0104,Int. Termomagnético SH202 C10 6kA,81
2CDS212001R0164,Int. Termomagnético SH202 C16 6kA,168
2CDS212001R0204,Int. Termomagnético SH202 C20 6kA,690
2CDS212001R0254,Int. Termomagnético SH202 C25 6kA,90
2CDS212001R0324,Int. Termomagnético SH202 C32 6kA,714
2CDS212001R0404,Int. Termomagnético SH202 C40 6kA,1
2CDS212001R0504,Int. Termomagnético SH202 C50 6kA,73
2CDS212001R0634,Int. Termomagnético SH202 C63 6kA,59
2CDS213001R0024,Int. Termomagnético SH203 C2 6kA,52
2CDS213001R0044,Int. Termomagnético SH203 C4 6kA,45
2CDS213001R0064,Int. Termomagnético SH203 C6 6kA,32
2CDS213001R0104,Int. Termomagnético SH203 C10 6kA,128
2CDS213001R0164,Int. Termomagnético SH203 C16 6kA,150
2CDS213001R0204,Int. Termomagnético SH203 C20 6kA,222
2CDS213001R0254,Int. Termomagnético SH203 C25 6kA,105
2CDS213001R0324,SH203-C32,110
2CDS213001R0404,Int. Termomagnético SH203 C40 6kA,67
2CDS213001R0504,Int. Termomagnético SH203 C50 6kA,86
2CDS213001R0634,Int. Termomagnético SH203 C63 6kA,36
2CDS231001R0164,SH201T-C16 Miniature Circuit Breaker - 1,4
2CDS232001R0204,SH202T-C20 Miniature Circuit Breaker - 2,1
2CDS251001R0024,ITM 1P 2A Curva C 6kA - S201C2,31
2CDS251001R0044,ITM 1P 4A Curva C 6kA - S201C4,152
2CDS251001R0064,ITM 1P 6A Curva C 6kA - S201C6,657
2CDS251001R0104,ITM 1P 10A Curva C 6kA - S201C10,679
2CDS251001R0164,ITM 1P 16A Curva C 6kA - S201C16,1624
2CDS251001R0204,ITM 1P 20A Curva C 6kA - S201C20,1237
2CDS251001R0254,ITM 1P 25A Curva C 6kA - S201C25,609
2CDS251001R0324,ITM 1P 32A Curva C 6kA - S201C32,1182
2CDS251001R0404,ITM 1P 40A Curva C 6kA - S201C40,265
2CDS251001R0467,S201-K 16 Miniature Circuit Breaker,7
2CDS251001R0504,ITM 1P 50A Curva C 6kA - S201C50,848
2CDS251001R0634,ITM 1P 63A Curva C 6kA - S201C63,259
2CDS251001R0804,S201-C80 MCB,19
2CDS252001R0024,ITM 2P 2A Curva C 6kA - S202C2,154
2CDS252001R0044,Int. Termomagnético S202 C4 6kA,115
2CDS252001R0064,S202-C 6 Mini Circuit Breaker,170
2CDS252001R0104,ITM 2P 10A Curva C 6kA - S202C10,139
2CDS252001R0164,ITM 2P 16A Curva C 6kA - S202C16,185
2CDS252001R0204,Int. Termomagnético S202 C20 6kA,621
2CDS252001R0254,ITM 2P 25A Curva C 6kA - S202C25,334
2CDS252001R0277,S202-K 2 Miniature Circuit Breaker,13
2CDS252001R0317,S202-K 3 Miniature Circuit Breaker,8
2CDS252001R0324,S202-C32,73
2CDS252001R0337,S202-K 4 Miniature Circuit Breaker,19
2CDS252001R0377,S202-K 6 Miniature Circuit Breaker,35
2CDS252001R0404,ITM 2P 40A Curva C 6kA - S202C40,86
2CDS252001R0407,S202-K 8 Miniature Circuit Breaker,30
2CDS252001R0467,S202-K 16 Miniature Circuit Breaker,43
2CDS252001R0487,S202-K 20 Miniature Circuit Breaker,28
2CDS252001R0504,ITM 2P 50A Curva C 6kA - S202C50,162
2CDS252001R0517,S202-K 25 Miniature Circuit Breaker,19
2CDS252001R0537,S202-K 32 Miniature Circuit Breaker,8
2CDS252001R0577,S202-K 50 Miniature Circuit Breaker,10
2CDS252001R0634,ITM 2P 63A Curva C 6kA - S202C63,124
2CDS252001R0804,S202-C80 MCB,96
2CDS252001R0824,S202-C100,70
2CDS253001R0024,LS  S203-C2,64
2CDS253001R0034,LS  S203-C3,4
2CDS253001R0044,ITM 3P 4A Curva C 6kA - S203C4,111
2CDS253001R0064,ITM 3P 6A Curva C 6kA - S203C6,77
2CDS253001R0104,ITM 3P 10A Curva C 6kA - S203C10,140
2CDS253001R0164,ITM 3P 16A Curva C 6kA - S203C16,159
2CDS253001R0204,ITM 3P 20A Curva C 6kA - S203C20,167
2CDS253001R0254,ITM 3P 25A Curva C 6kA - S203C25,128
2CDS253001R0277,S203-K 2 Miniature Circuit Breaker,15
2CDS253001R0317,S203-K 3 Miniature Circuit Breaker,14
2CDS253001R0324,ITM 3P 32A Curva C 6kA - S203C32,188
2CDS253001R0337,S203-K 4 Miniature Circuit Breaker,17
2CDS253001R0377,S203-K 6 Miniature Circuit Breaker,27
2CDS253001R0404,ITM 3P 40A Curva C 6kA - S203C40,111
2CDS253001R0407,S203-K 8 Miniature Circuit Breaker,28
2CDS253001R0427,S203-K 10 Miniature Circuit Breaker,96
2CDS253001R0467,S203-K 16 Miniature Circuit Breaker,118
2CDS253001R0487,S203-K 20 Miniature Circuit Breaker,105
2CDS253001R0504,ITM 3P 50A Curva C 6kA - S203C50,212
2CDS253001R0517,S203-K 25 Miniature Circuit Breaker,93
2CDS253001R0537,S203-K 32 Miniature Circuit Breaker,80
2CDS253001R0557,S203-K 40 Miniature Circuit Breaker,55
2CDS253001R0577,S203-K 50 Miniature Circuit Breaker,69
2CDS253001R0607,S203-K 63 Miniature Circuit Breaker,64
2CDS253001R0634,ITM 3P 63A Curva C 6kA - S203C63,166
2CDS253001R0804,S203-C80 MCB,26
2CDS253001R0824,S203-C100 MCB,26
2CDS254001R0204,ITM 4P 20A Curva C 6kA - S204C20,2
2CDS254001R0324,ITM 4P 32A Curva C 6kA - S204C32,1
2CDS254001R0804,S204-C80 MCB,4
2CDS254001R0824,S204-C100 MCB,16
2CDS282001R0164,S202P-C16,10
2CDS282001R0324,S202P-C32  Miniature Circuit Breaker,3
2CDS283001R0634,S203P-C63  Miniature Circuit Breaker,1
2CDS284001R0204,S204P-C20  Miniature Circuit Breaker,1
2CDS284001R0324,S204P-C32  Miniature Circuit Breaker,10
2CDS284001R0404,S204P-C40  Miniature Circuit Breaker,16
2CDS284001R0634,S204P-C63  Miniature Circuit Breaker,40
2CDS381001R0164,LS  S301P-C16,20
2CDS381001R0204,LS  S301P-C20,20
2CDS381001R0254,LS  S301P-C25,20
2CDS381001R0324,LS  S301P-C32,20
2CDS381001R0404,LS  S301P-C40,20
2CDS382001R0164,LS  S302P-C16,20
2CDS382001R0204,LS  S302P-C20,20
2CDS382001R0254,LS  S302P-C25,20
2CDS382001R0324,LS  S302P-C32,44
2CDS382001R0404,LS  S302P-C40,20
2CDS382001R0504,Interruptor magnetotérmico  LS  S302P-C50,25
2CDS383001R0164,LS  S303P-C16,20
2CDS383001R0204,LS  S303P-C20,20
2CDS383001R0254,LS  S303P-C25,20
2CDS383001R0324,LS  S303P-C32,20
2CDS383001R0404,LS  S303P-C40,20
2CDS383001R0504,S303P-C50 Miniature Circuit Breaker  C-C,10
2CDS384001R0504,LS  S304P-C50,2
2CJB108120Y0000,OVRHSP801203Y,2
2CJB110120Y0000,OVRHSP1001203Y,1
2CJB110277Y0000,OVRHSP1002773Y,2
2CJB112277Y0002,OVRHSP1202773Y2,2
2CJB116120Y0002,OVRHSP1601203Y2,1
2CJB116277Y0002,OVRHSP1602773Y2,1
2CJB120120Y0002,,1
2CJB120277Y0002,OVRHSP2002773Y2,1
2CJC108120Y4704,OVRHTP 080kA 1203Y 3 Phase Wye  4 Wire + G  Metal Standard Filter,1
2CJC108277Y4704,OVRHTP 080kA 2773Y 3 Phase Wye  4 Wire + G  Metal Standard Filter,1
2CJC112120Y4204,OVRHTP 120kA 1203Y 3 Phase Wye  4 Wire + G  Metal Advanced and counter Filter,1
2CLAT25,COLGANTE NEGRO 22 16 3107,2
2CLDI09,COLGANTE LATON Y BOLA VIDRIO BLANCO,1
2CLDI113,DXD-516-10 COLGANTE NEGRO,1
2CLDI14,D-18035 COLGANTE ALUMINIO CAFE Y ACLIL,2
2CLDI35,COLGANTE ORO 22 16 3107,1
2CLDI89,DXT-88657 COLGANTE ORO BOLA VIDRIO,1
2CLDW19,ESFERA BLANCA COLG NEGRO Y ORO,2
2CLDW20,COLGANTE ESFERAS TRASP NEGRO Y DORADO,2
2CLTP575,COLGANTE NEGRO LBA0124B-5P E14,1
2CLTP621,MDM-4092/3 BK+BGD COLGANTE,2
2CMA142403R1000,BW325TPN = 2CMA142403R1000 - Seccionador BW: 3Polos  25A  color gris,130
2CMA170503R1000,A41 312-100,1
2CMA170512R1000,A42 312-100,1
2CMA170536R1000,A44 311-100,1
2CSF202005R0160,INTERRUPTOR DIFERENCIAL  2P  16AMP 230V,15
2CSF202005R1800,F202 AC-80/0 03,8
2CSF202005R1900,F202 AC-100/0 03,12
2CSF202006R1250,FH202 AC-25/0 03,8
2CSF202066R1250,FH202AC-25/0.03,27
2CSF204005R1800,F204 AC-80/0 03,3
2CSF204005R1900,F204 AC-100/0 03,2
2CSF204006R3250,FH204 AC-25/0 3,6
2CSF204006R3400,FH204 AC-40/0 3,6
2CSF204066R3250,FH204 AC-25/0.3,30
2CSF204066R3400,FH204 AC-40/0.3 Interruptor diferencial,20
2CSG133030R4022,DMTME/96,1
2CSG163030R4022,DMTME-I-485-96,5
2CSG204471R4051,M4M 20 ETHERNET,3
2CSG251141R4051,M4M 20 MODBUS,1
2CSM200923R1801,E 91/32  690VCA/CD,3
2CSM204753R1801,E 93/32  690VCA/CD,15
2CSM222521R1000,DW2,11
2CSM222531R1000,DW1 Interruptor horario digital,15
2CSM277502R1801,2CSM277502R1801,2
2CSM277962R1801,E 93/50  690 VCA,14
2CSM277972R1801,E 92/50  690 VCA,15
2CSM279022R1801,E 91/50  690 VCA,24
2CSS204997R0013,S2C-CM4,47
2CTB802341R2100,OVR T2 40-150 P TS U,3
2CTB802342R2500,OVR T2 1N 40-320 P TS U,11
2CTB802344R2500,OVR T2 2N 40-320 P TS U,9
2CTB802345R2500,OVR T2 3L 40-320 P TS U,5
2CTB802346R2100,OVR T2 3N 40-150 P TS U,4
2CTB802346R2500,OVR T2 3N 40-320 P TS U,16
2DT30LEDFC20VA,LAM LED TUBULAR VINTAGE 2.3W 127V,4
2TAZ662012R2000,power meter with aux supply 100-230 V AC,9
20CTL1942MVN,INTERIOR SUSPENDIDOS S/L 20W100-240VE,1
20CTL8184MVCH,INTERIOR SUSPENDIDOS S/L 20W100-,3
20CTL8187MVN,INTERIOR SUSPENDIDOS S/L 20W100-240VE27,1
2013-GU10/GF,ARBOTANTE ALUMINIO 2XGU10 35W,5
21L81010025,CABLE ALUMINIO (2+1)1/0-2 DRS XLP,200
21l81030105,CABLE ALUMINIO (2+1)3/0-1/0 DRS XLP,360
2100-BM,TAPON CIEGO BLANCO MARFIL,20
2/10017,CONJUNTO TORNILLERIA CTBP-100 PVCUV 7035 BOLSA CON 100 PZ,1
2/10084,UNION JUBPE 60 PVCUV 7035,18
2101.3 BM,APAGADOR SENCILLO 1 MODULO STYLO ESTEVEZ,31
2102.3 BM,APAGADOR ESCALERA 1 MODULO STYLO ESTEVEZ,15
2128 BM,CONTACTO 2P+T 1 MOD MARFIL ESTEVEZ,33
2328 BM,CONTACTO DUPLEX 2P+T MARFIL STYLO ESTEVE,11
24YDLED430MV30B,BUCARAMANGA IX INTERIOR,8
2529 BM,CONTACTO DUPLEX 2P+T FALLO TIERRA C/PLAC,5
2530-BM,CONTACTO DUPLEX 2P+T CON 2 USB C/PLACA,7
2572-BM,PLACA 2 MOD STATUS ESTEVEZ,35
2573BM,PLACA TERMO ESTABLEMARFIL3 SERIE STATUS,21
2820-LED,ARBOTANTE ALUM 1X7W LED CREE GRAFITO,1
286A8863G1,HANDLE  CLOSING,1
3AUA0000058173,ACS355-03E-04A7-2,1
3AUA0000058175,ACS355-03E-07A5-2,1
3AUA0000058176,ACS355-03E-09A8-2,2
3AUA0000058178,ACS355-03E-17A6-2,2
3AUA0000058179,ACS355-03E-24A4-2,5
3AUA0000058180,ACS355-03E-31AO-2,3
3AUA0000058184,ACS355-03E-02A4-4,3
3AUA0000058186,ACS355-03E-04A1-4,1
3AUA0000058187,ACS355-03E-05A6-4,1
3AUA0000058189,ACS-355-03E-08A8-4,3
3AUA0000058190,ACS355-03E-12A5-4 PN: 5.5kW  IN: 12.5A,4
3AUA0000058191,ACS-355-03E-15A6-4,3
3AUA0000058192,ACS355-03E-23A1-4,4
3AUA0000058193,ACS355-03E-31A0-4,4
3AUA0000058194,ACS355-03E-38A0-4,2
3AUA0000058195,ACS355-03E-44A0-4,3
3AUA0000080498,ACS580-01-062A-4,2
3AUA0000080499,ACS580-01-073A-4,2
3AUA0000080504,ACS580-01-145A-4,1
3AXD50000010763,DPMP-EXT,9
3AXD50000038953,ACS580-01-12A7-4,1
3AXD50000038962,ACS580-01-039A-4,1
3AXD50000038963,ACS580-01-046A-4+J400  N1 480V,1
3DA165LEDFC20VA,FOCO LED TIPO FILAMENTO 3W 2000K,3
3DBT160LEDFC20VA,LAMP LED TIPO FILAMENTO 3W 2000K,4
3DG200LEDFC20VA,LUMINARIA LED TIPO FILAMENTO 3W,5
3DT60LEDFC20VA,FOCO VINTAGE ATENUABLE 127V,4
3LMDI14,LAMPARA DE MESA NEGRO Y ORO PLATINADO,2
3LMTP382,LS-MT1343 LAMPARA DE MESA,2
3LMTP543,1355T LAMPARA DE MESA NEGRA,1
3LPDI07,DXT-111822-S LAMPARA DE PISO NEG Y ORO,2
3LPDI17,DXL-88020 LAMPARA DE PIE GOLD,2
3LPDI28,DXL-88479 LAMPARA DE PIE BOLA NEGRA,2
3LPZM12,ML1858031 LAMPARA DE PIE NEGRA,2
3000278515P,EDGE CRUSH,5
3000278516P,EDGE CRUSH,1
3110000,SK TERMOSTATO 5-55º 230V/24V,3
3180,EMPOTRADO P/PISO INOX GU10,5
32DCTLLED205V30S,INTERIOR DEC SUSPENDIDOS 32W3000K2916LM,2
3239110,SK VENTILADOR 105M³/h 115 VAC,3
331A1902G1,331A1902G1,2
3520-LED,EMPOTRADO P/MURO 9 X0.1W LED INOX,5
3720-LED,EMPOTRADO P/MURO 12 X 0.1W LED INOX,5
39181A,CAMPORA LUMINARIO DE MESA SENCILLO,1
433191,UNIDAD DE DISPARO 200A P/INT. FEN,1
436476,FD-R HANDLE DOOR MOUNTED - STD,1
44411,PIJA CABEZA DE GOTA 8X3/8,2000
44541,ARANDELA PLANA 5/32 GALVANIZADA,400
44542,ARANDELA PLANA GALVANIZADA 3/16,1800
44543,ARANDELA PLANA GALVANIZADA 1/4,2200
44544,ARANDELA PLANA GALVANIZADA 5/16,1000
44545,ARANDELA PLANA GALVANIZADA 3/8,1000
44547,ARANDELA PLANA GALVANIZADA 1/2,491
44548,TUERCA HEXAGONAL GALVANIZADA 1/4,1400
44549,TUERCA HEXAGONAL GALVANIZADA 5/16,800
44550,TUERCA HEXAGONAL GALVANIZADA 3/8,446
44552,TUERCA HEXAGONAL 1/2,294
44555,"TUERCA HEXAGONAL DE 3/16"" BOLSA 600PZ",400
44556,TORNILLO CABEZA HEXAGONAL 1/4 X 1/2,500
44557,tornillo cabeza hexagonal 1/4 x 3/4,300
44558,TORNILLO CABEZA HEXAGONAL 1/4 X 1,398
44560,TORNILLO CABEZA HEXAGONAL DE 1/4 X 1 1/2,300
44565,TORNILLO CABEZA HEXAGONAL 5/16 X 3/4,300
44566,TORNILLO CABEZA HEXAGONAL 5/16 X 1,300
44568,TORNILLO CABEZA HEXAGONAL 5/16 X 1 1/12,500
44574,TORNILLO CABEZA HEXAGONAL 3/8 X 3/4,300
44575,TORNILLO CABEZA HEXAGONAL 3/8 X 1,50
44577,TORNILLO CABEZA HEXAGONAL 3/8 X 1 1/2,150
44591,TORNILLO CABEZA HEGANONAL DE 1/2 X 1,100
44593,TORNILLO CABEZA HEXAGONAL 1/2 X 1 1/2,100
44594,TORNILLO CABEZA HEXAGONAL 1/2 X 2,193
44596,TORNILLO CABEZA HEXAGONAL 1/2 X 3,190
44645,PIJA PUNTA DE BROCA CABEZA GOTA 8X1/2,1000
463LIIAJA1BAO,463LIIAJA1BAO,1
47457,CINCHO DE PLASTICO 2.5MM X 100MM,2997
5CTLLED102MV30CT,COLGANTE DE CRISTAL REDONDO,2
500T-041X071-302,CURRENT TRANSFORMER,1
50222,FOCO ESPIRAL 65W 127V  SP PHILCO,25
5031/B,LUMINARIO P/MURO ALUMINIO FUNDIDO BLANCO,5
5194/N,ARBOTANTE EXT C/REJILLA ALUM NGO,5
541A278P001,RESORTE P/CONTACTO MOVIL T-00 1,7
541C-10PK,DETECTOR FOTOELECTRICO DE,30
546A300G002,JUEGO DE CONTACTOS 4P T-0,3
546A301G053,JUEGO DE CONTACTOS 4P T-0,1
546A588P001,SUJETOR DE LA ARMADURA T-00 0 1,9
546A627P001,SUJETOR DE LA ARMADURA T-2,11
546A780G051,JUEGO DE CONTACTOS,15
546A780G052,SUJETOR DE BOBINA,12
546A780G053,JUEGO DE CONTACTOS,21
546A780G054,CUBIERTA PARA CONTACTOS MOVILES T-2,3
546A780G057,BASE MOLDEADA PARA SOPORTE T-2,5
5468/GF,LUMINARIO PARA MURO E27 GRAFITO IP54,5
547A524G001,RESORTE P/CONTACTO MOVIL T-2,10
55-B31A,BOBINA MAGNETICA,1
55-150695G003,BOBINA MAGNETICA,24
55-152313G009,JUEGO DE CONTACTOS T-00,8
55-152313G216,CONTACO DE REEMPLAZO PARA CR353  50A,6
55-152655G008,CUBIERTA PARA CONTACTOS MOVILES T-3,2
55-152655G009,CUBIERTA P/CONTACTOS MOVILES 4,7
55-152821G004,RESORTE P/CONTACTO MOVIL T-3 4,14
55-153205G002,RESORTE P/CONTACTO MOVIL T-5 6,13
55-153677G002,JUEGO DE CONTACTOS T-3,5
55-153677G049,BASE MOLDEADA PARA SOPORTE T-3,1
55-153677G051,BASE MOLDEADA PARA SOPORTE T-3,3
55-153678G002,JUEGO DE CONTACTOS NEMA4,10
55-153678G030,BASE MOLDEADA PARA SOPORTE T-4,6
55-154607G046,SUJETOR DE LA ARMADURA T-5 6,12
55-501321P001,BOBINA PARA CONTACTOR,8
55-501336G002,BOBINA N3 115-120V,9
55-501336G003,BOBINA,22
55-501336G004,BOBINA N3 460-480V,11
55-501336G063,BOBINA MAG. T-3 208/V,1
55-501394G013,BOBINA MAGNETICA,2
55-501463G002,BOBINA 100-120v,1
55-501463G003,BOBINA  PARA CONTACTOR,9
55-501463G004,BOBINA MAGNETICA,4
55-501463G063,BOBINA MAG.,1
55-501464G002,BOBINA MAG. T-4 127V,1
55-501464G003,BOBINA MAG. T-4 220V,2
55-501493G002,BOBINA MAG. T-5 127V,5
55-501493G003,BOBINA MAG. T-5 220V,4
55-530245G001,CUBIERTA PARA CONTACTOS MOVILES T-5 6,4
55-530249G002,BOBINA MAGNETICA,7
55-530249G003,BOBINA MAGNETICA,1
55-536548G002,COIL 55-536548G002 T6 120V,2
55-536548G003,BOBINA MAG. T-6 220V,4
55-55750324,"CONTACTO BARRA ""T""",11
55-750320P007,BARRA SOPORTE P/CONTACTO MOVIL T-3,7
560097,SENSOR DE NEUTRO 110MM DIAMETRO 250A,2
568TS-252,TRANSFORMADOR FREC2500 5A DE 50 A 400HZ,3
569B737P1,569B737P1 REMPLAZO DE SEGURO,29
5801-W,RECEP SENCILA A TIERRA,45
597956,C.DE CARGA ACUARIA IP55 3/5,30
597958,AQUARIA IP65-IK081R,11
597959,GABINETE AQUARIA  6/12MOD 250X250X145,14
597962,BARRA DE NEUTRO P/C.DE C.,35
6DCTLLED8207V30C,6DCTLLED8207V30C,2
6DG9LED30V360,FOCO AMPOLLETA 6W BASE G9,30
6GU10LLED40MV36,FOCO LED 6W BASE GU10  4000K,3
6KFP23001X9XXXA1,AF600FP trifásico  230 V  0 75 kW  IP20,1
6KG1143005X1B1,AJUSTADOR DE FRECUENCIA P/DRIVE,1
6MR16LLED40MV36,FCO MR16 6W 4000K,9
6PAR20LED30MV25,LAMPARA LED PAR20 6W100-,3
6PAR20LED65MV25,LAMPARA LED PAR20 6W100-,10
60CTL8172MVCA,LUM INTERIOR SUSPENDIDOS100-240VE27,1
60YD221MVN,ARILLO PARA MR16 COLOR NEGRO,1
6043/GF,LUMINARIO PARA MURO E27 IP44 GRAFITO,2
606166,INT. DIFERENCIAL BP4P 80A 30MA,2
606168,INT. DIFERENCIAL 4P 25A 100MA,19
606170,INT. DIFERENCIAL BP 4P 63A 100MA,1
606179,INT.DIFERENCIAL 4P 40A BPC440/300,1
60666,ESMERILADORA CON ACCESORIOS MILWAUKEE,2
608413,INTERRUPTOR DIFERENCIAL 2P 63AMP DCG263/,9
608415,RELEVADOR DIFERENCIAL 4P 25AMP,7
608417,INT. DIRENCIAL 4P 40A 30MA,11
608419,INT.DIFERENCIAL 4P 63AMP,6
609841,INT. RED LINE 1PN 16A 30MA,12
609842,DM60C20/030 ITD 1PN 20A 30MA,5
609844,INT. RED LINE 1PN 30A 30MA,14
610303,FIX-O-RAIL 750X355X142 72MOD.,1
610374,CENTRO DE CARGA 675X375X108MM,1
6129533G1,BLOCK DE PRUEBA 4 POLE TEST PLUG TYPE PK,1
617992,DISTRIBUIDOR 160A 4P CON CUBIERTA,1
619101,GABINETE MODULAR 200,3
619118,TIERRAS,2
619605,BASE RD,5
64691473,ACS-CP-A,15
64739000,PANEL BASICO ACSCPC,1
65L817TE1,BANCO DE CAPACITORES  DE,2
666380,SERIES MT GE MT CT 300,4
667508,SUPRESOR TENSIONES TRANCITORIOS DC MONOB,103
672038,INT.ELFA PLUS EP60 6KA 1P CURVA C 2A 230,3
672047,INT.ELFA PLUS EP60 6KA 1P CURVA C 25A 23,28
672048,INT.ELFA PLUS EP60 6KA 1P CURVA C 32A 23,24
672049,INT.ELFA PLUS EP60 6KA 1P CURVA C 40A 23,33
672079,INT.ELFA PLUS EP60 6KA 2P CURVA C 25A 23,18
672081,INT.ELFA PLUS EP60 6KA 2P CURVA C 40A 23,4
672095,INT.ELFA PLUS EP60 6KA 3P CURVA C 25A 23,4
673326,INT.16AMP 600VDC EPC100UC,17
674598,INT. REDLINE 10KA 1P 2A CURVA C 240V,7
674600,INT. REDLINE 10KA 2P 4A CURVA C 240V,12
674601,INT. REDLINE 10KA 1P 6A CURVA C 240V,9
674603,INT. REDLINE 10KA 1P 10A CURVA C 240V,30
674605,G61C16,3
674606,INT. REDLINE 10KA 1P 20A CURVA C 240V,27
674608,INT. REDLINE 10KA 1P 32 CURVA C 240V,10
674633,INT. REDLINE 10KA 2P 6A CURVA C 240V,1
674635,INT. REDLINE 10KA 2P 10A CURVA C 240V,36
674637,G62C16,1
674638,INT. REDLINE 10KA 2P 20A CURVA C 240V,37
674640,MINI INTERRUPTOR IEC 2P 32A 240V,12
674641,MINI ITERRUPTOR IEC 2P 40A 240V,11
674642,INT. REDLINE 10KA 2P 50A CURVA C 240V,15
674643,MINI INTERRUPTOR IEC 2P 63A 240V,19
674653,G63C16,5
674654,INT. REDLINE 10KA 3P 20A CURVA C 240V,14
674656,G63C32,6
674658,INT. REDLINE 10KA 3P 50A CURVA C 240V,5
674659,INT. REDLINE 10KA 3P 63A CURVA C 240V,4
674665,INT. REDLINE 10KA 4P 6A CURVA C 240V,2
674670,INT. REDLINE 10KA 4P 20A CURVA C 240V,6
674672,INT. REDLINE 10KA 4P 32A CURVA C 240V,9
674673,INT. REDLINE 10KA 4P 40A CURVA C 240V,8
674674,INT. REDLINE 10KA 4P 50A CURVA C 240V,3
676759,MINI INTERRUPTOR IEC 1P 32A,8
676780,INT. REDLINE 6KA 3P 32A CURVA C,5
68294673,ACS/H-CP-EXT,5
686874,INT. REDLINE 10KA 1P 16A CURVA C 277/480,2
686880,INT. RED LINE 10KA 1P 50A CURVA C 277/48,10
686890,INT. REDLINE 10KA 2P 10A CURVA C 277/480,2
686913,INT. RIEL 3P 20A 277/480V,19
686914,INT. RIEL 3P 25A 277/480V,9
690776,DCG225030 INT DIF 2P 25A/30MA,6
690778,INT. REDLINE 6KA 2P 40A CURVA C 230/400V,9
690974,MINI INTERRUPTOR IEC 1P 20A,2
690976,INT.REDLINE 6KA 1P 32A CURVA C 230/400V,18
690991,MINI INTERRUPTOR IEC 2P 20A,21
690999,INT. REDLINE 6KA 3P 16A CURVA C 230/400V,1
691000,INT.REDLINE 6KA 3P 20A CURVA C 230/400V,6
7031-A,ARBOTANTE DOBLE LUZ GU10 INOX,2
704175,RELE DIFERENCIAL RD5 110V 50/6,5
7320-LED,SPOT PARA EMPOTRAR PISO AC. INOX 6 LED,3
7450,EMPOTRADO EN PISO INOX E27,4
760681,SPARE PARTS SWITCHBOARD MCC,1
7820-LED/BL,LUMINARIO P/MURO EXT W 220-240V BL,5
80401-005,PLACA TRES VENTANAS TIMER,18
857284/801-MX,PB Panel modularXT1.XT3 319mm,6
87V,MULTIMETRO INDUSTRIAL 87V FLUKE,1
880637,CLIP DE FIJACION,4
880638,CLIPS DE 35MM,6
880895,BOLSA DE 10PZ CONECTOR PONCHABLE AZUL P/,9
880896,BOLSA DE 10PZ CONECTOR PONCHABLE AMARLLO,23
885228,PASACABLES,7
9T10A1023,TRANSF.SECO 45KVA 480-220Y-,1
9T10A1024,TRANSF. SECO 75KVA 4801-220Y-,1
9T10A1026,TRANSFORMER  DOE 2016  ALUMINUM,1
9T18Y7240,9T18Y7240 KIT DE ZAPATAS P/TRSNF.EE71 Y,2
9T18Y7241,9T18Y7241 KIT DE ZAPATAS P/TRSNF.EE774,1
9T51B0012,TRNSF.CTL.IC 2KVA 240X480-120/240 100C 3,1
9T51B0174,Transformador QB 3KVA 1PH,1
9T58K0042,TRANSF.DE CTL.480V-120V 0.05KVA,12
9T58K0042G44,TRANSFORMADOR 1C 0.5KVA 230X460-115,1
9T58K0044,TRANSFORMADOR DE CONTROL 0.1 KVA,1
9T58K0046,TRANSF.DE CTL.480V-120V 0.2KVA,1
9T58K0049,TRANF.375KVA,1
9T58K0507,TRANSF.CTL.C/P.FUS..3KVA 480-120V,94
9T58R2802,TRANSFORMADOR DE CONTROL,1
9T83B3384,TRANSF.SECO 75KVA 480-220Y/127,2
9T83B3386,TRANSF.150 KVA 480-220Y/127 VAC AL,4
9T83B3387,TRANSFORMADOR 3F 225KVA 480-220Y/127,4
9T83B3875,TRANSF.SECO 112.5KVA 480-208Y/120VAC,1
9268-GU10/GF,ARBOTANTE PEXT ALUM FUND GRAFITO,5
9401455,LAMP TIPO REGLETA 16W LED 6500 K 100-240,1
9620-LED,ARBOTANTE ALUM P/EXT GRAFITO,2
9840010,CAJA FSC DE 1/2,31
